"","population","emp_to_pop","hci","consumption_hg","absorption","tfp","labor_share","irr","depreciation","exchange","share_house","share_gov","share_exports","share_imports","cpi","cpi_change","recession"
"1",28.84962082,0.239666844,1.547767282,99010.17188,131991.375,0.648979425,0.483403444,0.119198628,0.043678686,10.6256361,0.618509114,0.134649411,0.121411256,-0.182028159,327.86,0.264843177,0
"2",45.72831345,0.297929335,2.086036682,316862.6563,374842.3438,0.719389796,0.561061502,0.108611055,0.042740334,6.939828396,0.670726597,0.133379981,0.135068387,-0.130605608,327.86,0.264843177,0
"3",33.262043,0.400571109,1.498782635,29762.87695,36584.99219,0.308651537,0.506037593,0.188335508,0.045847192,800.4085083,0.672994316,0.129642859,0.035280515,-0.087737024,327.86,0.264843177,0
"4",8.02570343,0.482076119,1.356150866,6488.692871,7006.969727,0.205865011,0.74101007,0.080583602,0.048115551,389.696228,0.86928314,0.229176283,0.024138223,-0.017928151,327.86,0.264843177,0
"5",1.061468005,0.228928239,1.676330209,7620.1875,8419.264648,0.959764898,0.612078846,0.033991098,0.057298772,6.939828396,0.845481694,0.130042002,0.234137088,-0.291399509,327.86,0.264843177,0
"6",4.970366955,0.448055449,1.703795314,5893.620117,6921.736328,0.208088189,0.806201458,0.01,0.03019949,711.9762573,0.789053738,0.133638754,0.058745138,-0.10874363,327.86,0.264843177,1
"7",11.60794163,0.403529582,1.069451332,11611.43066,13619.13965,0.373559386,0.599852443,0.089186676,0.046962325,711.9762573,0.738973677,0.148541614,0.028176624,-0.119656183,327.86,0.264843177,0
"8",16.44092369,0.4384057,1.296940804,18216.63867,31415.11328,0.125469387,0.284878641,0.054977842,0.06750378,10.04054451,0.277222514,0.241220623,0.591017067,-0.083334252,327.86,0.264843177,0
"9",9.699196815,0.28430599,1.872124791,62296.11328,78025.15625,0.770887971,0.513467193,0.106085636,0.051684685,1.370683312,0.628701508,0.148428619,0.162494943,-0.230510712,327.86,0.264843177,0
"10",122.3520126,0.320174512,1.459426403,56637.38672,63832.07031,0.416523665,0.254564166,0.158207089,0.036960877,101.6973343,0.431855559,0.030472402,0.550462961,-0.094086953,327.86,0.264843177,0
"11",31.45048332,0.378054857,1.935851216,58102.5625,65074.57031,0.367772847,0.604254127,0.107153758,0.038896833,76.17554474,0.837335587,0.100604169,0.051645041,-0.096063003,327.86,0.264843177,0
"12",6.400705814,0.416829028,1.206392884,4015.767578,4251.780762,0.158038244,0.800393045,0.01,0.031005615,720.6733398,0.814330697,0.16877605,0.027593516,-0.068479046,327.86,0.264843177,1
"13",6.865951061,0.392953566,1.410264611,9335.87793,11089.3457,0.283624321,0.617155015,0.041199815,0.043546833,711.9762573,0.792267919,0.111504957,0.035994552,-0.11147847,327.86,0.264843177,0
"14",1.899256945,0.247425453,2.001039267,8439.121094,10249.52734,0.749599338,0.624426246,0.134349734,0.056275979,6.939828396,0.678136706,0.186301738,0.268742204,-0.313437462,327.86,0.264843177,0
"15",3.754986048,0.387484807,1.397580743,3334.499512,3632.070801,0.397973508,0.231892437,0.207176194,0.035732269,711.9762573,0.787728667,0.213849038,0.048247173,-0.042568378,327.86,0.264843177,1
"16",27.25053406,0.1993696,1.386448741,52902.03906,56474.52344,0.998187423,0.736046731,0.229548037,0.057008687,2.571224928,0.975196362,0.032420829,0.012754353,-0.052250825,327.86,0.264843177,0
"17",1.231122017,0.230683884,2.122700691,6589.850586,7705.503418,0.742088377,0.334146738,0.068139717,0.09394379,711.9762573,0.348598778,0.161367282,0.518759906,-0.163302019,327.86,0.264843177,1
"18",11.35297298,0.421675373,1.117957711,7258.485352,8177.774902,0.18586494,0.615220368,0.033590578,0.024867065,711.9762573,0.735451698,0.192101136,0.065785363,-0.091680177,327.86,0.264843177,1
"19",4.564297199,0.344412285,1.360252857,4318.947754,4588.447754,0.243227214,0.535166621,0.094959587,0.04030719,2092.125,0.894095659,0.129678413,0.063769147,-0.16264537,327.86,0.264843177,0
"20",1.868698955,0.33285189,2.023988724,5175.336914,6040.560547,0.336708039,0.668069482,0.010809303,0.052876431,6.939828396,0.8998909,0.210374624,0.144297153,-0.454141736,327.86,0.264843177,0
"21",2.709358931,0.243655619,1.488011718,5119.423828,5918.274414,0.458116025,0.605201364,0.052578077,0.034271322,238.9233398,0.686921656,0.260617733,0.136832267,-0.232228667,327.86,0.264843177,1
"22",9.884052277,0.29762755,1.312416196,20613.18555,24426.91016,0.538622975,0.383378386,0.168072522,0.03883525,711.9762573,0.760354698,0.109297447,0.110051967,-0.161812276,327.86,0.264843177,0
"23",1.18514502,0.41129988,2.283645391,12053.27637,15955.18848,0.859434307,0.482990921,0.14922069,0.043946389,26.2495575,0.549907327,0.136655822,0.184449002,-0.249658704,327.86,0.264843177,0
"24",1.72834003,0.294627216,2.460947275,10643.74023,15309.99609,0.786718249,0.277960986,0.312779188,0.066136435,5.101815701,0.456926703,0.193518221,0.334387004,-0.272928715,327.86,0.264843177,0
"25",15.27423382,0.379020641,1.738680601,32063.32031,37070.6875,0.436343163,0.50265944,0.106986716,0.043769691,711.9762573,0.746106029,0.104146011,0.107052647,-0.086310297,327.86,0.264843177,0
"26",12.22225094,0.400271021,2.068792343,20437.26953,33031.09766,0.401048899,0.550735414,0.185118601,0.040949576,1,0.465726227,0.177661762,0.120878629,-0.061145753,327.86,0.264843177,1
"27",18.06768608,0.377382921,1.129434109,11940.60254,14452.8623,0.457642436,0.428279638,0.286037475,0.038496576,15.2272501,0.897738099,0.106967643,0.106608607,-0.322700858,327.86,0.264843177,0
"28",16.98326683,0.439649447,1.308486342,24569.13672,36884.26563,0.129222795,0.284878641,0.031146472,0.066853076,22.05786133,0.465406597,0.195067167,0.441213965,-0.179746985,290.16,-0.114988105,0
"29",8.329405785,0.483347807,1.375628233,6808.961426,7366.098633,0.21272023,0.74101007,0.072339125,0.047600288,442.9918823,0.820249617,0.226592481,0.057542808,-0.085924715,290.16,-0.114988105,0
"30",7.076733112,0.39269533,1.423522234,9914.407227,12166.73633,0.29577598,0.617155015,0.050551582,0.04363184,733.0385132,0.773929536,0.119652867,0.036731586,-0.115768157,290.16,-0.114988105,0
"31",34.17301941,0.397789937,1.508247495,31033.82227,38889.28516,0.333195299,0.494084418,0.20224531,0.0448892,876.4116821,0.644566178,0.124677837,0.037823092,-0.089934364,290.16,-0.114988105,0
"32",29.18183136,0.258552873,1.569781184,97413.35156,132512.7813,0.661516368,0.504746199,0.113568895,0.043978918,11.3029747,0.58902055,0.135187089,0.116974138,-0.179144278,290.16,-0.114988105,0
"33",2.790729046,0.262297049,1.503509164,5168.686035,6136.500977,0.417692095,0.605201364,0.044196609,0.03557948,255.6291656,0.670663834,0.265214264,0.137350962,-0.248468384,290.16,-0.114988105,0
"34",12.36616516,0.417758642,2.105179071,22277.93555,31089.16797,0.391306967,0.550735414,0.175688639,0.041757133,1,0.516991317,0.159051195,0.074581169,-0.105996393,290.16,-0.114988105,0
"35",6.555829048,0.420236723,1.215250373,4071.106445,4350.17334,0.148642972,0.807774127,0.01,0.030796064,830.3533325,0.777703464,0.202550307,0.022535888,-0.069984257,290.16,-0.114988105,0
"36",1.072926998,0.23021137,1.644034624,7279.491699,8194.548828,0.939983249,0.612078846,0.041011315,0.055427723,8.60918045,0.824944556,0.134938881,0.214188233,-0.26764372,290.16,-0.114988105,0
"37",1.885954976,0.308596984,2.072481871,5097.470703,5928.270508,0.384296775,0.651621044,0.020342637,0.050288692,8.60918045,0.819710255,0.207639903,0.191930905,-0.417664289,290.16,-0.114988105,0
"38",46.38500595,0.284382211,2.124513388,327957.1563,386654.4375,0.750426173,0.545413494,0.116106011,0.043123409,8.60918045,0.667736709,0.135487363,0.130853817,-0.123545907,290.16,-0.114988105,0
"39",4.739147186,0.34478776,1.37434566,4947.720215,5283.941895,0.276179761,0.535166621,0.075387746,0.040762138,1986.154175,0.924138188,0.143591851,0.037015386,-0.140437245,290.16,-0.114988105,1
"40",27.94500542,0.199810361,1.404699802,51025.05859,56617.80469,0.885860264,0.738935769,0.188281834,0.059247684,2.587021112,0.938327372,0.044772588,0.012206023,-0.051768593,290.16,-0.114988105,0
"41",3.832202911,0.386722736,1.4045012,3381.468994,3662.852539,0.404508024,0.231892437,0.208044305,0.035194799,733.0385132,0.812858284,0.185773447,0.045898344,-0.04413525,290.16,-0.114988105,0
"42",11.77197647,0.423385418,1.122800827,7735.178711,8901.261719,0.199132487,0.598958015,0.04866384,0.025128806,733.0385132,0.718937755,0.183174863,0.052907865,-0.103369683,290.16,-0.114988105,0
"43",18.58875847,0.379733483,1.135416269,12223.43652,14154.61816,0.413735032,0.513235569,0.258168697,0.038726222,20.70363998,0.83313781,0.117376253,0.156148955,-0.256834865,290.16,-0.114988105,0
"44",9.785700798,0.290124618,1.904421449,63196.10547,80711.14844,0.777762234,0.510920823,0.110040225,0.051611837,1.438712478,0.623322964,0.150947899,0.179124624,-0.261055261,290.16,-0.114988105,0
"45",1.933596015,0.23964959,2.016995192,9102.874023,11603.76758,0.769846439,0.593367696,0.152302623,0.056798685,8.60918045,0.711114585,0.18886967,0.273696631,-0.343171835,290.16,-0.114988105,0
"46",1.754935026,0.280989059,2.494708776,10406.65918,15253.56152,0.749307036,0.277960986,0.291784585,0.066216551,5.841158867,0.434087425,0.200713485,0.319070756,-0.23968114,290.16,-0.114988105,0
"47",5.111770153,0.449355089,1.713900924,6067.754395,7132.090332,0.204712287,0.806201458,0.01,0.029881576,733.0385132,0.787494779,0.159734339,0.068480194,-0.125921294,290.16,-0.114988105,1
"48",11.94458675,0.395868136,1.078746438,12137.77148,14310.62207,0.369151086,0.628897786,0.094049037,0.045922745,733.0385132,0.732207537,0.164293662,0.025060488,-0.078902639,290.16,-0.114988105,0
"49",1.193917036,0.415690535,2.302233458,11937.30273,14788.96777,0.852814734,0.47489959,0.154641688,0.044188034,29.12925911,0.549363613,0.145798758,0.200443551,-0.254955322,290.16,-0.114988105,0
"50",1.262259007,0.232123527,2.15596962,7069.785156,8540.724609,0.574409604,0.329827189,0.043147109,0.092831276,733.0385132,0.39957422,0.214337572,0.490519375,-0.198693812,290.16,-0.114988105,0
"51",15.67192745,0.3795331,1.751375198,33010.31641,39481.16016,0.430468708,0.50265944,0.097617686,0.044553738,733.0385132,0.747689784,0.109798923,0.099574983,-0.110979021,290.16,-0.114988105,0
"52",32.32148361,0.378553262,1.957712531,59788.68359,67648.75781,0.370576859,0.590702891,0.113210455,0.039080672,78.56319427,0.82924962,0.099228866,0.049940165,-0.136755407,290.16,-0.114988105,0
"53",125.4634323,0.31353345,1.48831892,98578.17188,105340.6484,0.538516343,0.310653448,0.01,0.036037769,111.2312469,0.746305287,0.028088314,0.367650956,-0.126651525,290.16,-0.114988105,0
"54",10.13449669,0.298381849,1.325894952,21246.66797,25445.72852,0.561232746,0.374667078,0.171906024,0.039355088,733.0385132,0.758186042,0.103387304,0.116880462,-0.172694862,290.16,-0.114988105,0
"55",35.12380981,0.396527541,1.517772079,33637.82422,42348.86328,0.358674377,0.479342461,0.220687151,0.04423672,966.5827637,0.625056863,0.131677866,0.039533392,-0.082801044,274.69,-0.053315412,0
"56",33.21400833,0.378169644,1.979820728,59329.62109,65614.27344,0.355439037,0.592412293,0.109653085,0.039324254,78.74913788,0.839382529,0.10402976,0.045923829,-0.108137377,274.69,-0.053315412,0
"57",1.779953003,0.302255165,2.528933048,11083.66895,16383.10059,0.790709913,0.277960986,0.259270966,0.066808723,6.327800751,0.383972943,0.187402785,0.27798,-0.338644803,274.69,-0.053315412,0
"58",8.536205292,0.486047374,1.395385385,7743.052734,8389.532227,0.234459132,0.74101007,0.078413516,0.048216164,475.3652344,0.794280648,0.219170898,0.015903722,-0.064357072,274.69,-0.053315412,0
"59",6.741569042,0.423640243,1.22417295,4285.597656,4582.632324,0.163899094,0.815155268,0.01,0.030678142,930.7491455,0.780949295,0.198860481,0.018549193,-0.066269629,274.69,-0.053315412,0
"60",1.080929995,0.23220744,1.612361312,6860.722168,7783.544922,0.861723185,0.612078846,0.046205096,0.053784266,10.54074669,0.849300385,0.134636477,0.31981802,-0.32830593,274.69,-0.053315412,0
"61",9.864325523,0.29369263,1.93727529,63436.875,80962.99219,0.758620083,0.505126834,0.106482767,0.051414497,1.421733379,0.619797766,0.161766782,0.183672011,-0.258008242,274.69,-0.053315412,0
"62",47.02617264,0.294380817,2.163699865,339416.7188,404875,0.751551867,0.529168427,0.122534737,0.043596055,10.54074669,0.651574492,0.136391729,0.105880857,-0.121021882,274.69,-0.053315412,0
"63",5.251471996,0.450540332,1.722733021,6146.984863,7320.214355,0.208353415,0.806201458,0.01,0.029958731,696.9882202,0.783879697,0.131904677,0.075146303,-0.133495122,274.69,-0.053315412,1
"64",28.67956543,0.200704516,1.42319119,52677.39453,60221.01563,0.704038441,0.793804228,0.05986698,0.062715925,2.63305831,0.931360483,0.044877142,0.015301078,-0.071617879,274.69,-0.053315412,0
"65",12.50052547,0.436047687,2.142206192,21498.14258,24988.82617,0.268324792,0.550735414,0.251502395,0.042214893,1,0.70795691,0.175143436,0.192774415,-0.207485333,274.69,-0.053315412,1
"66",19.13965797,0.382876188,1.14143014,16338.26074,19038.88086,0.449331969,0.539652884,0.191332594,0.039686497,23.67795753,0.917163372,0.122266337,0.155478716,-0.36672014,274.69,-0.053315412,0
"67",29.51236725,0.262924789,1.59210825,96271.94531,132249.0313,0.654898584,0.502901196,0.114815794,0.044163506,11.02058315,0.588018298,0.134174079,0.124329038,-0.194265068,274.69,-0.053315412,0
"68",3.907612085,0.386425253,1.41145587,3341.984375,3608.496582,0.402629286,0.231892437,0.206722543,0.03456318,696.9882202,0.798972964,0.184443519,0.042222582,-0.046366237,274.69,-0.053315412,0
"69",1.201812029,0.41221087,2.320972681,11932.80371,15548.49316,0.865784824,0.466506779,0.158823028,0.044330604,29.96199989,0.537863135,0.153750926,0.224771008,-0.276388079,274.69,-0.053315412,0
"70",12.20600224,0.420852117,1.127664924,8144.032715,9472.803711,0.201011881,0.612969637,0.048984926,0.02564038,696.9882202,0.716074824,0.181012884,0.043008983,-0.104937442,274.69,-0.053315412,0
"71",16.08488655,0.383027893,1.764162421,34104.47656,40591.58984,0.427429676,0.50265944,0.099586695,0.045366246,696.9882202,0.742621005,0.111109473,0.103875488,-0.10785307,274.69,-0.053315412,0
"72",2.873228073,0.262422609,1.519168139,5870.536621,6497.091797,0.420468003,0.591321945,0.041651271,0.036729999,271.7391663,0.639486253,0.338236779,0.124925263,-0.206999481,274.69,-0.053315412,0
"73",4.957215786,0.343943075,1.388584375,5795.504395,6218.632813,0.326122344,0.537561834,0.094317965,0.04191009,2099.033936,0.901940823,0.161538526,0.038234986,-0.14814429,274.69,-0.053315412,0
"74",17.572649,0.43984579,1.32013464,25196.83203,38608.30469,0.191173151,0.284878641,0.01,0.066036642,43.53020477,0.384910733,0.197853461,0.448450238,-0.143974781,274.69,-0.053315412,0
"75",7.295393944,0.392576481,1.43690443,10708.25195,12828.87012,0.3170591,0.617155015,0.057210203,0.043657597,696.9882202,0.750877619,0.118424438,0.038618986,-0.127212599,274.69,-0.053315412,0
"76",1.294409037,0.234083659,2.189760208,7633.919922,9778.257813,0.519565701,0.335810184,0.033625383,0.092078306,696.9882202,0.379296511,0.23389259,0.475204349,-0.133492976,274.69,-0.053315412,1
"77",128.6667175,0.313248713,1.517783523,121727.2188,131848.6094,0.491972923,0.421538651,0.01,0.035029005,120.5781555,0.745987236,0.026124299,0.314586788,-0.114072353,274.69,-0.053315412,0
"78",1.90231204,0.280711034,2.122136593,5214.31543,5907.052246,0.420143545,0.623526156,0.030273879,0.047806662,10.54074669,0.800783992,0.231378973,0.210620001,-0.380425304,274.69,-0.053315412,0
"79",12.29310036,0.386254766,1.088122368,12713.03418,14927.83105,0.370767474,0.648495317,0.088488273,0.045266423,696.9882202,0.725853264,0.168672666,0.022900693,-0.076643109,274.69,-0.053315412,0
"80",1.962146997,0.270112266,2.033078194,8961.758789,11406.67383,0.726501226,0.579520106,0.15519321,0.057470001,10.54074669,0.666618884,0.178177804,0.234974056,-0.276728839,274.69,-0.053315412,0
"81",10.39686108,0.297649382,1.33951211,21860.05469,25649.44727,0.559224129,0.359166086,0.15745081,0.039561555,696.9882202,0.781821072,0.103810877,0.126970962,-0.189182013,274.69,-0.053315412,0
"82",1.918097019,0.29821225,2.172981262,5346.948242,5997.580566,0.400244236,0.641605079,0.025441138,0.045507096,7.564749241,0.798175931,0.238710031,0.246820211,-0.429854035,331.6,0.207179002,0
"83",131.9725342,0.306189091,1.547831416,180237.125,199578.2656,0.626477897,0.377840161,0.01,0.034480609,129.2223511,0.830685914,0.016554305,0.269897372,-0.130022794,331.6,0.207179002,0
"84",2.957117081,0.262079571,1.534990072,6586.119141,7795.239258,0.434332728,0.577442527,0.033681925,0.03789388,263.0299988,0.578741074,0.374662489,0.084227979,-0.212663174,331.6,0.207179002,0
"85",19.71659851,0.385951806,1.147475958,17314.81055,19602.48438,0.563373029,0.41484192,0.318493038,0.041494332,23.78226662,0.875900507,0.126082167,0.162748829,-0.297115773,331.6,0.207179002,0
"86",36.13807297,0.398942183,1.527356982,36472.67188,46367.51953,0.368275046,0.469047964,0.209444836,0.043601006,1038.419067,0.603319943,0.15962325,0.041771345,-0.091022745,331.6,0.207179002,0
"87",18.20336914,0.439629863,1.331886649,27231.57422,42276.09375,0.185004324,0.292056262,0.01,0.065294676,74.60630035,0.388155162,0.200483695,0.454874575,-0.183415473,331.6,0.207179002,0
"88",29.4359436,0.200893859,1.441925883,54311.07422,64232.64453,0.71329695,0.764582157,0.151883513,0.066545554,2.609834433,0.872343719,0.049207192,0.015522881,-0.062036667,331.6,0.207179002,0
"89",5.199549198,0.344068273,1.402970552,5777.785156,6238.78418,0.330370694,0.532087088,0.120002054,0.043797173,2347.94165,0.883870423,0.156796202,0.062485889,-0.15724124,331.6,0.207179002,0
"90",9.939678192,0.300828769,1.970695734,64838.89453,82049.82031,0.742715478,0.51280421,0.106548585,0.050860271,1.288458347,0.616202354,0.177785888,0.193487063,-0.270530432,331.6,0.207179002,0
"91",47.64872742,0.283909601,2.203609228,352717,424238.9375,0.758137226,0.527124345,0.124309279,0.044201128,7.564749241,0.655315161,0.147962689,0.129365787,-0.144210801,331.6,0.207179002,0
"92",5.391400814,0.451645134,1.731610656,6484.520508,7767.57373,0.202783123,0.806201458,0.01,0.030088386,581.2003174,0.802007914,0.137781128,0.128607363,-0.163186759,331.6,0.207179002,0
"93",3.981664896,0.339057148,1.418444991,3041.606445,3203.904541,0.408063024,0.231892437,0.193848118,0.033598952,581.2003174,0.796081781,0.140093595,0.036060762,-0.056692805,331.6,0.207179002,1
"94",12.63389683,0.455276921,2.179884195,17910.14453,21747.44531,0.207362905,0.550735414,0.14524129,0.042195298,1,0.690428317,0.198934391,0.165605843,-0.141191006,331.6,0.207179002,1
"95",29.84393692,0.284085525,1.614752769,98825.3125,139123.1719,0.648418188,0.500318766,0.118455373,0.044529393,9.574383736,0.581596375,0.13286297,0.120874412,-0.205909505,331.6,0.207179002,0
"96",6.953113079,0.427146804,1.233161092,4291.498535,4828.026855,0.14326331,0.822536409,0.01,0.031180197,1082.619995,0.725300968,0.202133477,0.01839819,-0.061781622,331.6,0.207179002,1
"97",1.208994031,0.410423858,2.339864492,12057.92871,15660.15039,0.854816139,0.459957182,0.168685526,0.04426495,27.90147591,0.543012381,0.163776487,0.222708881,-0.281879067,331.6,0.207179002,0
"98",12.65462112,0.379628794,1.097579598,13685.70996,16260.45508,0.3932724,0.60926652,0.110302649,0.045047354,581.2003174,0.743996203,0.17164582,0.037269928,-0.104279242,331.6,0.207179002,0
"99",1.804339051,0.277211196,2.562435389,11493.48242,17177.6543,0.741128922,0.277960986,0.245153666,0.068302266,4.949928761,0.394693345,0.208467633,0.333494097,-0.349287391,331.6,0.207179002,0
"100",16.51382256,0.386710081,1.777042985,35843.21875,42411.88672,0.433839589,0.50265944,0.098466441,0.045873702,581.2003174,0.734682262,0.113163091,0.110918149,-0.104689762,331.6,0.207179002,0
"101",12.65686989,0.418577664,1.13255012,8605.725586,9814.013672,0.203315273,0.616351008,0.043569181,0.026021319,581.2003174,0.722894609,0.184844911,0.042055368,-0.117805712,331.6,0.207179002,0
"102",7.520555019,0.393720937,1.450412631,11429.31055,13751.82324,0.323610038,0.617155015,0.059866056,0.043603543,581.2003174,0.730481684,0.137355685,0.03651315,-0.132029146,331.6,0.207179002,0
"103",1.328145981,0.235666861,2.224080324,8287.27832,10538.85254,0.486616194,0.34613806,0.030547509,0.09106981,581.2003174,0.341872722,0.255129993,0.054683257,-0.111279562,331.6,0.207179002,0
"104",8.680345535,0.489035819,1.415426135,7642.616699,8386.992188,0.222532138,0.74101007,0.081076227,0.049128078,537.6549683,0.741674185,0.247563511,0.014140332,-0.062577762,331.6,0.207179002,0
"105",10.67098999,0.296011366,1.3532691,22713.47656,27619.94922,0.573094726,0.369331628,0.184140071,0.039312184,581.2003174,0.77856487,0.101931311,0.125896573,-0.210044548,331.6,0.207179002,0
"106",34.13085175,0.376619976,2.002178669,59981.02734,66711.58594,0.346745342,0.588424385,0.102829807,0.039343018,75.93556976,0.855351985,0.116178237,0.077952519,-0.113176256,331.6,0.207179002,0
"107",1.087391973,0.233586429,1.581298232,6679.42627,7576.621582,0.864665926,0.612078846,0.051418521,0.052218936,7.564749241,0.792829871,0.16192168,0.457804739,-0.384257019,331.6,0.207179002,0
"108",1.986534953,0.271326701,2.049289703,9668.886719,11994.36914,0.69754982,0.59564501,0.138813868,0.056987233,7.564749241,0.721049368,0.191958904,0.211805701,-0.270200431,331.6,0.207179002,0
"109",8.818437576,0.491356904,1.435754895,8232.323242,9114.393555,0.231896415,0.74101007,0.080614336,0.049268816,577.4489746,0.721388936,0.248861551,0.025522174,-0.064583756,402.92,0.215078408,0
"110",10.95594406,0.29738909,1.367167354,23442.63477,28575.12109,0.572728097,0.360107988,0.190809265,0.039093617,528.28479,0.780961633,0.103735417,0.136996135,-0.228568941,402.92,0.215078408,0
"111",7.182450771,0.430215258,1.242215157,4439.553711,5123.009277,0.137456447,0.82991755,0.01,0.032540455,1100.900024,0.693287909,0.214345679,0.019260898,-0.066621907,402.92,0.215078408,0
"112",12.77751064,0.473662265,2.218225002,15906.46094,20164.40039,0.184683621,0.550735414,0.187900811,0.04169872,1,0.632896781,0.20890671,0.176114067,-0.215516269,402.92,0.215078408,1
"113",48.24739456,0.282897611,2.244254351,375248.9063,457438.0313,0.76572448,0.524096191,0.134096354,0.044915877,6.459692478,0.657274604,0.151830658,0.144274279,-0.167795882,402.92,0.215078408,0
"114",135.3936157,0.319439808,1.578474164,251140.8281,271742.5625,0.691559315,0.371943384,0.141933322,0.037729997,132.888031,0.72152108,0.083955102,0.254330963,-0.086713135,402.92,0.215078408,0
"115",4.055036068,0.38618645,1.425468802,3293.694092,3469.226563,0.402858466,0.231892437,0.202965438,0.032459937,528.28479,0.838790715,0.144878298,0.052034929,-0.096843988,402.92,0.215078408,0
"116",1.095052958,0.235605031,1.550833583,7006.759277,8009.208984,0.860648274,0.612078846,0.057839911,0.050839864,6.459692478,0.804817557,0.194895089,0.52862972,-0.418924093,402.92,0.215078408,0
"117",1.829329967,0.309949535,2.586050272,12270.75781,18747.10156,0.757151365,0.277960986,0.255486518,0.067907453,4.692887306,0.386783808,0.227499545,0.289368391,-0.279132545,402.92,0.215078408,0
"118",18.86571693,0.437534305,1.343743324,28367.73828,45809.52344,0.20099768,0.275794536,0.01,0.063844748,83.54135895,0.327708989,0.171697289,0.499373317,-0.214477122,402.92,0.215078408,0
"119",1.215677023,0.403787352,2.358910084,12538.11914,16493.43164,0.85559386,0.45459789,0.171624601,0.044140607,27.49851608,0.563311219,0.173288569,0.206413761,-0.306601197,402.92,0.215078408,0
"120",13.03056908,0.373643342,1.107119203,14426.12598,17225.25195,0.404449791,0.591243029,0.115533002,0.045292325,528.28479,0.732585073,0.18135187,0.043162461,-0.114398383,402.92,0.215078408,0
"121",2.009227991,0.230518642,2.065630436,9956.705078,12415.04395,0.803505063,0.5778566,0.1568712,0.056068435,6.459692478,0.671274304,0.190131009,0.370092034,-0.404076874,402.92,0.215078408,0
"122",16.95908165,0.390712649,1.790017605,36781.65234,43962.21484,0.426578671,0.50265944,0.105923451,0.046348341,528.28479,0.728930593,0.117719673,0.112958737,-0.108397193,402.92,0.215078408,0
"123",3.042823076,0.26225645,1.550976872,6635.14209,8950.589844,0.383835435,0.563563168,0.018159721,0.041774653,257.1900024,0.552601278,0.360545129,0.111685902,-0.343490571,402.92,0.215078408,0
"124",1.364205003,0.23823398,2.258938313,9187.34375,12045.49512,0.520211816,0.318286628,0.045944497,0.08836513,528.28479,0.286463678,0.255389929,0.350907087,-0.110664107,402.92,0.215078408,0
"125",7.750003815,0.394838508,1.46404767,12081.83301,14617.13672,0.332295537,0.617155015,0.063939661,0.043666542,528.28479,0.712568521,0.143453389,0.035416488,-0.115458369,402.92,0.215078408,0
"126",30.18634033,0.201580123,1.46090734,57714.78906,69459.92969,0.749099672,0.712634087,0.170494765,0.068347029,2.579050064,0.846298993,0.047812071,0.019762918,-0.073989607,402.92,0.215078408,0
"127",35.0749321,0.380296797,2.024788857,60360.77734,67458.42188,0.356105745,0.583322883,0.106812261,0.039405663,79.1738739,0.821605682,0.114268623,0.073151745,-0.133601531,402.92,0.215078408,0
"128",20.31270409,0.386957993,1.153553724,18185.9375,20552.61328,0.557913542,0.41484192,0.341179848,0.042652991,22.5813427,0.870998859,0.135542437,0.172563747,-0.310094088,402.92,0.215078408,0
"129",5.439694881,0.352482611,1.41750586,5614.492188,6062.974121,0.321297526,0.528216124,0.136601046,0.045031089,2701.296631,0.871393561,0.145369202,0.071075059,-0.144192964,402.92,0.215078408,0
"130",10.01760101,0.288210182,2.004693031,66113.24219,83584.8125,0.751988232,0.508708596,0.109197229,0.050018616,1.245466709,0.609793603,0.185278192,0.209410027,-0.287165344,402.92,0.215078408,0
"131",37.20898438,0.402697806,1.537002325,39688.51563,50645.08203,0.365654469,0.467002779,0.172483116,0.04290751,1089.334717,0.6101861,0.172295481,0.048869088,-0.096040927,402.92,0.215078408,0
"132",13.12701225,0.416272057,1.137456417,8695.473633,9850.28125,0.183721825,0.656450391,0.029471023,0.026617069,528.28479,0.767235816,0.179379836,0.07799001,-0.13331534,402.92,0.215078408,0
"133",1.93372798,0.264773551,2.225044012,5432.701172,6046.682129,0.429427654,0.639389098,0.031515524,0.042475268,6.459692478,0.821666479,0.230596662,0.281720102,-0.481942505,402.92,0.215078408,0
"134",30.17928505,0.294161555,1.637719512,99866.25781,141957.4688,0.622780621,0.494574398,0.115863442,0.045058385,8.868016243,0.586116731,0.138326406,0.126852721,-0.241922274,402.92,0.215078408,0
"135",5.534597874,0.452788098,1.740534067,6398.082031,7709.951172,0.196054429,0.806201458,0.01,0.029926592,528.28479,0.796435595,0.141507179,0.098597139,-0.152007028,402.92,0.215078408,0
"136",1.855852008,0.322223964,2.60988307,13325.50977,20131.45117,0.805445731,0.277960986,0.271386951,0.065718472,5.110354424,0.382941723,0.20379959,0.325607806,-0.237742662,506.22,0.256378437,0
"137",13.42193031,0.367666983,1.116741657,15822.54492,19126.24023,0.398565143,0.633329272,0.103139639,0.045702506,527.4681396,0.723928213,0.187517911,0.031567462,-0.124486968,506.22,0.256378437,0
"138",1.222002983,0.403763365,2.378110647,13205.78125,16245.62988,0.805336714,0.443956673,0.164866284,0.04385329,29.49623299,0.612014711,0.193574756,0.226040393,-0.353323042,506.22,0.256378437,0
"139",4.127910137,0.386636313,1.432527304,3444.125244,3701.311768,0.408881158,0.231892437,0.207486734,0.031783972,527.4681396,0.845525682,0.150197357,0.052403484,-0.094641469,506.22,0.256378437,0
"140",1.403126001,0.343204393,2.294342518,10893.33789,15470.2959,0.581456304,0.275394589,0.077142991,0.084598489,527.4681396,0.227123111,0.246938229,0.4658283,-0.122117907,506.22,0.256378437,0
"141",17.42079544,0.393453139,1.803086996,38292.37109,45619.58203,0.419607669,0.50265944,0.104999073,0.046842128,527.4681396,0.725491941,0.118823573,0.105971903,-0.110534742,506.22,0.256378437,0
"142",1.949542999,0.267755066,2.278354168,5786.44043,6314.063965,0.441096425,0.608985007,0.044369183,0.038917154,6.35932827,0.852028847,0.24604544,0.262476504,-0.52821666,506.22,0.256378437,0
"143",12.94003201,0.480091692,2.257240295,14001.67969,17116.60352,0.146625444,0.550735414,0.368711561,0.04087536,1,0.638378918,0.252810508,0.152060255,-0.261104643,506.22,0.256378437,1
"144",38.33754349,0.407720202,1.546708465,45429.21484,58558.14063,0.386562049,0.445534229,0.173052892,0.042519782,1128.934204,0.614277244,0.172239542,0.047100112,-0.102628186,506.22,0.256378437,0
"145",11.25126553,0.2991496,1.38120842,24826.46094,31428.30273,0.564710855,0.390613467,0.172746703,0.038919333,527.4681396,0.765012324,0.101906277,0.132618159,-0.23510474,506.22,0.256378437,0
"146",20.92307091,0.387783776,1.159663677,19822.64648,22190.54492,0.5653373,0.41484192,0.345000029,0.043668073,23.06096458,0.873538196,0.137866959,0.192731068,-0.324952841,506.22,0.256378437,0
"147",7.982224941,0.39575431,1.47781086,13261.45996,15364.40723,0.338183671,0.617155015,0.062109955,0.043280337,527.4681396,0.728778601,0.156970337,0.032122251,-0.105910778,506.22,0.256378437,0
"148",7.423288822,0.432692297,1.251335621,4795.168457,5352.087402,0.167585775,0.837298691,0.01,0.034001134,1081.577148,0.747026086,0.232889771,0.023670746,-0.117393948,506.22,0.256378437,0
"149",10.10248184,0.292796265,2.0392766,68373.35156,86446.74219,0.760277092,0.495365769,0.116678745,0.049013074,1.297433376,0.591503322,0.186327264,0.215462714,-0.278097808,506.22,0.256378437,0
"150",138.9394836,0.319754006,1.609723568,392136.0625,423661.25,0.799592078,0.308731616,0.300461024,0.04345699,131.2743378,0.754052818,0.06947846,0.220709175,-0.069592319,506.22,0.256378437,0
"151",30.52107048,0.287860495,1.661012769,100839.0078,140709.1563,0.601462185,0.489744842,0.11155466,0.045708425,8.865008354,0.59435606,0.146963149,0.142688796,-0.278099924,506.22,0.256378437,0
"152",5.68326807,0.453788201,1.749503374,6478.43457,7473.273926,0.183690414,0.806201458,0.01,0.02973103,527.4681396,0.796775043,0.178737327,0.090165928,-0.160928622,506.22,0.256378437,0
"153",19.55254173,0.44961479,1.355705619,30938.0332,50467.64844,0.251851827,0.231410593,0.028044624,0.061244458,87.15914154,0.263718933,0.146744028,0.630960643,-0.183027431,506.22,0.256378437,0
"154",8.991735458,0.492563412,1.456375599,9192.669922,10290.19238,0.239509314,0.74101007,0.08644636,0.048741605,557.8226318,0.728070378,0.253178596,0.024863014,-0.071985647,506.22,0.256378437,0
"155",48.82058716,0.291971811,2.2856493,406479.2188,493666.25,0.765532315,0.518273711,0.137001336,0.045712661,6.35932827,0.657651365,0.155068547,0.156432688,-0.177021936,506.22,0.256378437,0
"156",2.032196045,0.271135258,2.082101345,10116.37305,12680.80957,0.758558929,0.578189135,0.152898028,0.056070324,6.35932827,0.638260782,0.173864394,0.361875355,-0.363924205,506.22,0.256378437,0
"157",5.658379078,0.348686439,1.43219173,5517.13623,6055.77832,0.312197328,0.530363858,0.153701276,0.045742102,2889.587402,0.837432563,0.15237473,0.090206109,-0.160842761,506.22,0.256378437,0
"158",13.61844921,0.41401703,1.142384052,8937.407227,10619.84375,0.181638405,0.661439359,0.027473634,0.027345326,527.4681396,0.743588507,0.1892685,0.083272807,-0.142020702,506.22,0.256378437,0
"159",1.105872989,0.236916895,1.52095592,7457.803223,8501.34375,0.990389943,0.612078846,0.068017147,0.049680494,6.35932827,0.744788289,0.176123172,0.274525613,-0.34090206,506.22,0.256378437,0
"160",3.1307199,0.262239998,1.567130208,7028.841309,10479.12305,0.370349228,0.54968375,0.01,0.047155928,265.5283203,0.517122507,0.325905681,0.133132339,-0.389981925,506.22,0.256378437,0
"161",30.91191483,0.202732276,1.480138659,73606.78125,87637.39844,0.760004103,0.712847412,0.104373045,0.068564877,2.436058283,0.931329668,0.035459667,0.021091415,-0.115043931,506.22,0.256378437,0
"162",36.04828644,0.379451133,2.047654629,63976.38281,71916.50781,0.368784308,0.57148236,0.117575973,0.04035319,75.55410767,0.810767174,0.109265961,0.084726676,-0.151557863,506.22,0.256378437,0
"163",39.49094772,0.413990253,1.556475997,47921.33984,64969.58203,0.387515545,0.443371832,0.167966872,0.042995919,1251.900024,0.585716903,0.168611333,0.046433229,-0.125601664,535.65,0.058136778,0
"164",9.206580162,0.493234166,1.483113885,9996.038086,11336.65625,0.264119357,0.74101007,0.097061589,0.048647005,551.7103271,0.753846645,0.187309116,0.020957109,-0.094562173,535.65,0.058136778,0
"165",1.120514035,0.239175948,1.557643294,7688.546387,8759.035156,0.912753582,0.612078846,0.072704807,0.048758607,6.771549225,0.805084646,0.185235903,0.306956381,-0.281878024,535.65,0.058136778,0
"166",13.8291769,0.369644064,1.126447678,16258.01758,19411.29297,0.407525539,0.60251087,0.112870052,0.046284381,522.8901367,0.688106418,0.204881415,0.030242914,-0.129360929,535.65,0.058136778,0
"167",1.444844007,0.242240679,2.324808359,10204.1748,14893.83984,0.614289284,0.275394589,0.071708485,0.081409879,522.8901367,0.254543781,0.21894981,0.547301769,-0.147617623,535.65,0.058136778,1
"168",10.19613647,0.297919202,2.073808432,71546.35938,91740.53125,0.756131649,0.488516808,0.120139971,0.048203927,1.331025004,0.584178984,0.192994982,0.21765019,-0.29171896,535.65,0.058136778,0
"169",49.36458206,0.305688425,2.327808142,431853.8438,532097.1875,0.781131506,0.513675094,0.131249398,0.046724699,6.771549225,0.648985267,0.1538129,0.155489951,-0.201158956,535.65,0.058136778,0
"170",1.228098035,0.407215062,2.397467613,14028.79102,17955.59961,0.82307291,0.431628138,0.167665169,0.044055354,31.70806694,0.612145245,0.190208763,0.222263843,-0.371102929,535.65,0.058136778,0
"171",14.13206387,0.413301564,1.147333026,9251.950195,11077.29395,0.183475658,0.667955101,0.024496466,0.028265679,522.8901367,0.725595415,0.181157082,0.074027978,-0.15216969,535.65,0.058136778,0
"172",1.884238005,0.313694449,2.630747557,13733.63477,20576.90234,0.810701311,0.277960986,0.260348618,0.063818045,5.836571217,0.396040142,0.186237872,0.3071675,-0.219384149,535.65,0.058136778,0
"173",5.84869194,0.343837552,1.446788073,5675.327148,6183.737305,0.312890381,0.531205535,0.162727818,0.04623707,2961.90918,0.832551241,0.160586268,0.090204187,-0.151319742,535.65,0.058136778,0
"174",11.5567627,0.300605315,1.39539361,25991.11719,32694.38281,0.558064222,0.373254359,0.170372427,0.038680989,522.8901367,0.777972102,0.109564163,0.130763993,-0.248733088,535.65,0.058136778,0
"175",31.60706329,0.200861235,1.488187671,88797.32031,102891.7031,0.838760197,0.678936243,0.094578318,0.069225997,2.171533346,0.954883575,0.036737032,0.020639136,-0.118553117,535.65,0.058136778,0
"176",37.05205154,0.37818498,2.070778608,69965.75,79898.63281,0.387545794,0.575030088,0.124488905,0.042376749,72.10083771,0.801693916,0.104959011,0.075111896,-0.162872136,535.65,0.058136778,0
"177",3.220653057,0.261748155,1.584722161,7396.525391,9900.577148,0.41225031,0.454162091,0.055161647,0.04893196,268.6000061,0.472476989,0.301156491,0.259091377,-0.294634104,535.65,0.058136778,0
"178",5.83779192,0.454281342,1.752863526,6724.128418,7645.35791,0.324157119,0.806201458,0.01,0.029222421,522.8901367,0.456533462,0.104250871,0.089400634,-0.361491948,535.65,0.058136778,0
"179",2.055733919,0.272408796,2.093305349,11134.99609,14500.40039,0.809553087,0.536456466,0.183102682,0.056205709,6.771549225,0.622915864,0.180023953,0.384403259,-0.359352589,535.65,0.058136778,0
"180",21.54746246,0.387406883,1.163883567,19924.41211,22601.64844,0.563084781,0.41484192,0.364056557,0.04508812,25.40077972,0.833025634,0.135236993,0.188967273,-0.287334949,535.65,0.058136778,0
"181",17.89956284,0.397462855,1.816251874,39343.84375,46756.48828,0.413344264,0.50265944,0.106765561,0.04724722,522.8901367,0.733198583,0.111036047,0.147996113,-0.122585148,535.65,0.058136778,0
"182",20.26239967,0.461717994,1.367774248,35388.77734,57049.77734,0.33438018,0.237053186,0.055037122,0.058513768,80.36807251,0.230206028,0.132367134,0.649740756,-0.183939517,535.65,0.058136778,0
"183",7.675337791,0.434247982,1.260523081,5251.063477,5822.447266,0.156230032,0.618850827,0.01,0.034926224,1028.683594,0.803790748,0.207296461,0.027410766,-0.148515001,535.65,0.058136778,0
"184",8.216896057,0.395526483,1.493183851,13637.30566,15921.22656,0.33888948,0.617155015,0.065611579,0.042441726,522.8901367,0.721841216,0.16408135,0.023127582,-0.110899597,535.65,0.058136778,0
"185",1.965662003,0.27726029,2.223026991,5770.043945,6312.949219,0.474907488,0.560738087,0.061603285,0.035938475,6.771549225,0.812857747,0.236525118,0.277104557,-0.47276473,535.65,0.058136778,0
"186",13.12426662,0.485216423,2.27985549,12885.06445,15660.38184,0.124034226,0.550735414,0.305473924,0.039510578,1,0.664705515,0.289459199,0.82718128,-0.334107369,535.65,0.058136778,1
"187",142.61409,0.321404238,1.641591668,330836.9375,391080.1563,0.727487743,0.329671115,0.241774395,0.049203858,128.6516724,0.571046889,0.085190475,0.235604435,-0.077675976,535.65,0.058136778,0
"188",30.86934662,0.314094171,1.681106329,108464.75,153192.5625,0.598314345,0.49769628,0.111865729,0.046514519,8.795583725,0.582594573,0.146597445,0.141165346,-0.275043398,535.65,0.058136778,0
"189",4.201757908,0.386028899,1.439620852,3541.484375,3821.697266,0.44848296,0.16431579,0.226731434,0.031542022,522.8901367,0.862562776,0.135873184,0.05003655,-0.065057002,535.65,0.058136778,0
"190",22.18838692,0.387030032,1.168118834,20628.01953,23359.30859,0.555697978,0.41484192,0.396684885,0.046372138,25.84034157,0.822307527,0.130579188,0.196601599,-0.275656939,570.78,0.06558387,0
"191",3.312664986,0.26262843,1.602511644,7954.811035,10634.66406,0.371807247,0.454162091,0.035090152,0.048407104,258.5866699,0.496632755,0.322056174,0.237767383,-0.332259953,570.78,0.06558387,0
"192",31.22588158,0.300532149,1.701442957,115606.5938,167720.9531,0.602090418,0.475449085,0.113487244,0.047454856,8.192333221,0.577603519,0.153923377,0.140652537,-0.324129671,570.78,0.06558387,0
"193",1.233911037,0.409227223,2.416982174,14597.33984,19204.16992,0.856244504,0.425263017,0.16556178,0.044518117,31.31365585,0.587317348,0.169484645,0.175914466,-0.328285933,570.78,0.06558387,0
"194",38.0859108,0.37965276,2.094163656,75881.89063,86823.07813,0.394115865,0.572905242,0.113901645,0.044419758,67.31763458,0.805096924,0.110963903,0.073986679,-0.176352233,570.78,0.06558387,0
"195",2.079915047,0.274049651,2.104569912,12157.3584,16017.38379,0.787595332,0.519036174,0.201882258,0.0563812,7.045364857,0.637958229,0.20350799,0.404115021,-0.457769543,570.78,0.06558387,0
"196",49.88718033,0.298519571,2.370744228,453303.0313,563705.9375,0.778831899,0.512818694,0.128561065,0.047910057,7.045364857,0.640810013,0.154729858,0.165332019,-0.204719514,570.78,0.06558387,0
"197",1.138434052,0.222235087,1.595215678,7725.67334,8809.402344,0.944545925,0.612078846,0.073474728,0.047834862,7.045364857,0.773660839,0.177782506,0.204475373,-0.254803717,570.78,0.06558387,0
"198",146.4170227,0.323442883,1.674090505,569466,642346.5625,0.875233829,0.299673915,0.173609242,0.053016178,125.8081055,0.779519439,0.100619256,0.15649052,-0.078561224,570.78,0.06558387,0
"199",10.29808712,0.303091534,2.108925343,75647.44531,97793.63281,0.754843533,0.485473514,0.123229913,0.047727272,1.281358361,0.574135244,0.194406524,0.243612736,-0.319220364,570.78,0.06558387,0
"200",8.454791069,0.395160573,1.508716702,14015.68555,16953.66992,0.348650426,0.617155015,0.065721482,0.042527258,479.2667847,0.693097115,0.159212917,0.024465278,-0.156358525,570.78,0.06558387,0
"201",1.982287049,0.2774573,2.169043303,5899.250977,6597.899902,0.475436896,0.544047892,0.07022687,0.036067445,7.045364857,0.841604948,0.248615935,0.266820252,-0.525111735,570.78,0.06558387,0
"202",4.275800228,0.385658815,1.446749449,3694.681396,4008.090576,0.427209377,0.16431579,0.222019911,0.031554636,479.2667847,0.883119702,0.11594978,0.052665498,-0.081731178,570.78,0.06558387,0
"203",7.939572811,0.435287914,1.269778013,5450.95166,5957.013672,0.153986275,0.614920378,0.01,0.035236694,1081.869629,0.807115376,0.203358948,0.024675546,-0.128963649,570.78,0.06558387,0
"204",14.66833782,0.414627602,1.152303338,9726.316406,11605.98145,0.193619043,0.58731848,0.042205289,0.029252974,479.2667847,0.749291062,0.177945778,0.088234909,-0.146228924,570.78,0.06558387,0
"205",20.99768639,0.473829156,1.379950404,40603.07031,66521.82031,0.346142888,0.242809847,0.05280168,0.055738654,76.70614624,0.233284086,0.137258396,0.685168266,-0.174687982,570.78,0.06558387,0
"206",5.997385025,0.452030336,1.756229997,6898.169922,7753.260742,0.188908756,0.806201458,0.01,0.028297856,479.2667847,0.823337674,0.153876439,0.060159087,-0.174508929,570.78,0.06558387,0
"207",14.25202084,0.362298985,1.136238217,16529.16602,19821.81836,0.405894011,0.552376032,0.121691488,0.046618413,479.2667847,0.6823138,0.218839914,0.036265515,-0.137184471,570.78,0.06558387,0
"208",11.87355709,0.30228957,1.409724474,27526.67578,36237.26953,0.562911987,0.3707304,0.174940512,0.038673643,479.2667847,0.76745069,0.116584294,0.133637473,-0.285764754,570.78,0.06558387,0
"209",40.77494049,0.417385184,1.566305161,52936.3125,74276.40625,0.396527201,0.423895508,0.173267856,0.04401128,1245.035522,0.577546239,0.165331364,0.043569069,-0.134052798,570.78,0.06558387,0
"210",13.32990932,0.489336375,2.302697182,13503.66504,15858.35742,0.129206985,0.550735414,0.131885901,0.038240779,1,0.732355356,0.216353163,0.347201169,-0.394270867,570.78,0.06558387,1
"211",9.447402,0.492939759,1.510343194,10067.67969,11746.85254,0.257017285,0.74101007,0.09902446,0.049244687,546.9550171,0.750197649,0.147437066,0.023153568,-0.091073669,570.78,0.06558387,0
"212",6.015417099,0.339294825,1.461533189,6137.536621,6637.177246,0.326971859,0.528088987,0.173116773,0.046511445,2985.185791,0.868008614,0.131978393,0.081547603,-0.146398813,570.78,0.06558387,0
"213",1.489192963,0.242413179,2.355678558,9736.009766,14675.2627,0.640635192,0.275394589,0.081718922,0.078819871,479.2667847,0.253341556,0.182575062,0.522506714,-0.161829919,570.78,0.06558387,0
"214",18.39538956,0.400787984,1.829512715,41499.34766,49048.44531,0.411413699,0.50265944,0.102994628,0.047913626,479.2667847,0.737952411,0.110522099,0.154407054,-0.169067681,570.78,0.06558387,0
"215",32.28252411,0.200055361,1.496280551,83597.46094,99911.42188,0.727586508,0.678936243,0.080700815,0.071048237,2.01609993,0.879395068,0.044095803,0.030610202,-0.115654007,570.78,0.06558387,0
"216",1.914414048,0.344753021,2.651778936,14490.71289,22675.70898,0.759598136,0.277960986,0.245514527,0.062700205,6.138819218,0.410367459,0.186615452,0.310334474,-0.264963508,570.78,0.06558387,0
"217",22.84675789,0.386143095,1.17236948,21127.76563,24942.97461,0.532475591,0.41484192,0.412133873,0.047713261,24.30064201,0.801918507,0.126269162,0.208681971,-0.304479867,689.92,0.208731911,0
"218",8.212264061,0.435933367,1.279101014,6032.780273,6524.077637,0.165729359,0.606218219,0.021519661,0.035220034,1185.690796,0.809147716,0.231370136,0.037340228,-0.162597924,689.92,0.208731911,0
"219",4.345386028,0.385466318,1.453913331,3812.732178,4174.799316,0.389370531,0.16431579,0.232922867,0.031459838,447.8052673,0.908951044,0.109746046,0.040751427,-0.071353056,689.92,0.208731911,0
"220",15.22852516,0.416379086,1.157295227,10333.34375,13390.42188,0.199165091,0.554311872,0.051934287,0.030486062,447.8052673,0.736281872,0.173977673,0.125089213,-0.158900186,689.92,0.208731911,0
"221",14.68972588,0.357097612,1.146113753,17604.55664,21219.72266,0.364708543,0.617802739,0.091578968,0.046543509,447.8052673,0.709127069,0.219309703,0.033025254,-0.155635804,689.92,0.208731911,0
"222",10.40733624,0.307096484,2.144636631,79637.35938,104053.9063,0.729953587,0.47220394,0.128667384,0.047408078,1.232141614,0.577628911,0.197270915,0.260556042,-0.361223847,689.92,0.208731911,0
"223",6.165371895,0.335259606,1.476428628,6846.273438,7380.029297,0.340798527,0.527008414,0.177420348,0.047380958,2981.514648,0.894098103,0.13639839,0.068043157,-0.155764177,689.92,0.208731911,0
"224",18.90700722,0.399999087,1.842870474,43546.20703,52874.87109,0.407444984,0.50265944,0.101565003,0.049483053,447.8052673,0.738011777,0.107515052,0.06230291,-0.12647137,689.92,0.208731911,0
"225",1.946351051,0.348344135,2.67297864,15672.86426,25227.95117,0.714539289,0.277960986,0.213404194,0.062340394,6.826856613,0.451379448,0.194170401,0.288989812,-0.345800638,689.92,0.208731911,0
"226",1.158897042,0.224351241,1.63369441,7828.353516,8936.816406,0.809564233,0.612078846,0.071512967,0.046678241,8.261223793,0.848700285,0.19890289,0.157601953,-0.045186527,689.92,0.208731911,0
"227",6.161796093,0.449544246,1.759603024,7096.468262,8103.399902,0.171568051,0.806201458,0.01,0.027606063,447.8052673,0.85991621,0.156703502,0.144449666,-0.204309076,689.92,0.208731911,0
"228",13.55846882,0.494996724,2.325767994,11912.34668,13796.36914,0.098621696,0.550735414,0.186086252,0.03744727,1,0.810628593,0.271133661,0.212099105,-0.37547785,689.92,0.208731911,1
"229",21.75942039,0.486150273,1.392234921,48086.89453,84286.35156,0.371808946,0.255409956,0.056651399,0.053947315,75.03335571,0.227754027,0.13697876,0.843245864,-0.217895225,689.92,0.208731911,0
"230",31.59685516,0.321545551,1.718847275,126671.3516,194556.0625,0.591759741,0.4733513,0.11357072,0.048714563,7.750325203,0.561021805,0.152013257,0.157377884,-0.348651618,689.92,0.208731911,0
"231",12.2039566,0.303782902,1.424202561,29217.75781,38030.85156,0.535745561,0.385044515,0.167942077,0.039145611,447.8052673,0.80485177,0.121508941,0.150100827,-0.335330695,689.92,0.208731911,0
"232",32.95549774,0.199735539,1.504417419,77595.96094,97641.33594,0.61615777,0.678936243,0.074244648,0.073943354,2.090162754,0.80148524,0.052790705,0.037768114,-0.11272876,689.92,0.208731911,0
"233",42.08271408,0.421532124,1.576196551,57759.80469,80220.49219,0.373676747,0.43544209,0.155404076,0.04483474,1196.310669,0.604833305,0.147406116,0.054331396,-0.160229415,689.92,0.208731911,0
"234",50.41212845,0.304262458,2.414472342,460273.7813,585404.4375,0.728006542,0.515515029,0.113500267,0.049025081,8.261223793,0.62842232,0.163410902,0.174304575,-0.210695907,689.92,0.208731911,0
"235",8.696915627,0.394852631,1.524411082,14931.37402,17665.44922,0.347354263,0.617155015,0.072011426,0.043201007,447.8052673,0.701870203,0.177598134,0.032989021,-0.146831289,689.92,0.208731911,0
"236",3.407541037,0.262946218,1.620500803,8029.862793,11079.14844,0.339213908,0.454162091,0.01,0.04840114,238.2033386,0.545757592,0.284537166,0.277651399,-0.423245013,689.92,0.208731911,0
"237",2.106374979,0.275829316,2.115894794,13891.62109,18950.02344,0.795691133,0.516057551,0.187765718,0.056525756,8.261223793,0.659522951,0.211444616,0.387027681,-0.445358038,689.92,0.208731911,0
"238",1.999930024,0.274509617,2.11637044,6032.777344,6960.987305,0.476691753,0.537770748,0.076129735,0.039519921,8.261223793,0.804127395,0.251672924,0.228756115,-0.482057065,689.92,0.208731911,0
"239",39.14841461,0.380497016,2.117812634,78109.78125,91175.98438,0.387744248,0.560397506,0.141950786,0.04602493,69.17532349,0.783644259,0.120552197,0.079043359,-0.199098542,689.92,0.208731911,0
"240",1.536411047,0.244726167,2.386958838,9466.616211,14568.99023,0.760201991,0.275394589,0.08645086,0.076704845,447.8052673,0.223663121,0.137883529,0.702468753,-0.153037131,689.92,0.208731911,1
"241",1.239292979,0.419997494,2.436655283,15603.23535,20507.83398,0.78565979,0.425918162,0.161579683,0.044313308,28.45283699,0.643644691,0.171077177,0.169361964,-0.366525412,689.92,0.208731911,0
"242",150.3473969,0.324566507,1.707232952,504623.3125,579650.875,0.811648965,0.286428511,0.210955814,0.05400452,118.5460205,0.636228621,0.116091743,0.220211193,-0.061163511,689.92,0.208731911,0
"243",9.708168983,0.491956828,1.538072228,10828.2334,13090.09863,0.243084699,0.74101007,0.085763104,0.050452337,546.8486328,0.808021188,0.123818547,0.044553235,-0.13655372,689.92,0.208731911,0
"244",22.5495472,0.498948146,1.404628754,53465.12109,94244.22656,0.251256764,0.360357583,0.01,0.053014074,79.32816315,0.343367279,0.169239014,0.699161112,-0.253462315,465.35,-0.325501507,0
"245",1.979882002,0.353051344,2.69434762,15629.03516,25407.28125,0.619433343,0.277960986,0.185274795,0.06205127,7.155137539,0.478626937,0.214802191,0.219128579,-0.363421232,465.35,-0.325501507,1
"246",10.52183437,0.308287757,2.180952787,82888.64063,109301.9375,0.711380601,0.48659277,0.116409153,0.04711372,1.35027504,0.563769579,0.202490523,0.19629176,-0.28438431,465.35,-0.325501507,0
"247",12.55091667,0.305912729,1.438829303,30346.71875,38031.04297,0.538113892,0.40642786,0.172559544,0.039884482,472.1862793,0.771869063,0.12096376,0.12873055,-0.253688991,465.35,-0.325501507,0
"248",33.65061951,0.198212003,1.512598634,89120.71875,115243.6328,0.596037209,0.678936243,0.077012576,0.07559374,2.301533222,0.78628397,0.049801618,0.015755417,-0.096916355,465.35,-0.325501507,0
"249",23.52406311,0.384801852,1.176635504,21617.65625,25458.85352,0.486421973,0.41484192,0.430071384,0.049477741,27.5182991,0.802453458,0.126740947,0.209251225,-0.303552359,465.35,-0.325501507,0
"250",40.23720551,0.375881689,2.141728878,84132.23438,98929.82031,0.374726504,0.57795167,0.149143443,0.04728828,77.35201263,0.779165864,0.128116101,0.067090772,-0.180992544,465.35,-0.325501507,0
"251",13.81059933,0.499782653,2.349069595,21112.95898,23878.14648,0.171420813,0.550735414,0.054269064,0.037381776,1,0.942922354,0.139935762,0.166602373,-0.281305522,465.35,-0.325501507,0
"252",2.1370399,0.277486628,2.127280712,15661.90527,20656.60156,0.701475501,0.540713131,0.160235852,0.057732143,8.47367382,0.757885218,0.231494933,0.501791298,-0.636914432,465.35,-0.325501507,0
"253",3.506288052,0.263241344,1.638691783,7997.856934,10571.97559,0.330710739,0.454162091,0.01,0.048128072,262.3658447,0.573690534,0.266620487,0.235986561,-0.346752167,465.35,-0.325501507,1
"254",43.43651199,0.425963023,1.586150289,62960.08594,82996.89844,0.334951401,0.447046876,0.163862094,0.045143776,1320.312012,0.62741375,0.163818702,0.054146048,-0.134162873,465.35,-0.325501507,0
"255",8.944705963,0.394646843,1.540268779,15225.79297,18199.85156,0.333794266,0.617155015,0.071973294,0.043403856,472.1862793,0.697614491,0.191766024,0.035743259,-0.13758643,465.35,-0.325501507,0
"256",1.244024038,0.413175295,2.456488848,16192.55762,20447.70117,0.748371363,0.426562816,0.155504897,0.04404144,31.95980072,0.678475976,0.186573625,0.131028473,-0.328662008,465.35,-0.325501507,0
"257",1.586753964,0.247045225,2.418654203,9455.802734,14300.52441,0.488813698,0.275394589,0.063966885,0.074878335,472.1862793,0.361471564,0.199075282,0.424447656,-0.243906945,465.35,-0.325501507,0
"258",9.977445602,0.491107673,1.566310525,12231.6377,14533.08203,0.241698608,0.74101007,0.079359211,0.050723869,568.281311,0.846229792,0.110679999,0.027418429,-0.143377706,465.35,-0.325501507,0
"259",19.43254089,0.399431016,1.856325746,44546.85547,54078.23828,0.38314271,0.50265944,0.099852122,0.051017065,472.1862793,0.754747033,0.107791282,0.046340771,-0.12280032,465.35,-0.325501507,0
"260",6.310259819,0.331523555,1.49147594,7500.366211,8064.257324,0.346787512,0.53090775,0.169628009,0.049629796,3385.649902,0.896005273,0.138351843,0.064707577,-0.154352903,465.35,-0.325501507,0
"261",2.019208908,0.278822078,2.064976931,5988.04834,7005.320801,0.417826086,0.59175545,0.054014221,0.043275394,8.47367382,0.7918275,0.272515923,0.196261525,-0.499098301,465.35,-0.325501507,0
"262",4.404230118,0.38531139,1.461112738,3796.748291,4165.38916,0.33383739,0.16431579,0.221429914,0.031034237,472.1862793,0.922718704,0.106659487,0.030420186,-0.085505813,465.35,-0.325501507,0
"263",6.330471992,0.446728154,1.762982607,7221.741211,8407.805664,0.165366098,0.806201458,0.01,0.027527045,472.1862793,0.832815707,0.145705223,0.141950309,-0.208637983,465.35,-0.325501507,0
"264",31.98989677,0.3537419,1.734496593,141016.9531,212072.4219,0.555655718,0.498829126,0.108153045,0.049920857,8.057100296,0.549387038,0.168171063,0.102286749,-0.264834791,465.35,-0.325501507,0
"265",154.4021759,0.324618331,1.733126879,660981.625,763026.125,0.763770998,0.306834936,0.201859996,0.05506254,148.9017487,0.79598546,0.103854597,0.120668471,-0.072042339,465.35,-0.325501507,0
"266",15.14109898,0.351893696,1.15607512,17677.05859,21541.25586,0.358730912,0.57414484,0.104709379,0.046847321,472.1862793,0.696639299,0.227732956,0.06060832,-0.165242732,465.35,-0.325501507,0
"267",8.489030838,0.436327782,1.288492322,6011.628906,6629.29834,0.169440269,0.606218219,0.027608842,0.035088267,1230.179199,0.782769382,0.228743598,0.026222438,-0.141667277,465.35,-0.325501507,0
"268",15.81391335,0.418622411,1.162308812,11052.63867,14406.90527,0.195370287,0.52425772,0.04954049,0.032700285,472.1862793,0.74425,0.178436354,0.077815086,-0.200294226,465.35,-0.325501507,1
"269",1.18067503,0.226988799,1.673101187,8225.155273,9442.240234,0.783495784,0.612078846,0.079752676,0.045868047,8.47367382,0.831353366,0.204517111,0.152246043,-0.047502134,465.35,-0.325501507,0
"270",50.97081757,0.293768365,2.459007025,449906.7188,566274,0.664817035,0.522477567,0.108410574,0.049518298,8.47367382,0.613932192,0.179459676,0.137225121,-0.168512151,465.35,-0.325501507,1
"271",2.014866114,0.331535668,2.715887308,16057.33008,28698.43359,0.641731203,0.277960986,0.201099247,0.061293107,6.793621063,0.441770077,0.20113793,0.253373265,-0.374619037,565.66,0.215558182,0
"272",1.640210032,0.246919598,2.450770617,9792.139648,15924.24316,0.533272505,0.275394589,0.090463072,0.074946634,495.2770081,0.336095333,0.167515084,0.459595591,-0.238210127,565.66,0.215558182,0
"273",24.22140503,0.382696241,1.180917144,21935.89258,26080.11914,0.439574689,0.41484192,0.348025531,0.050827026,33.96009827,0.79500407,0.134860441,0.197608039,-0.30314669,565.66,0.215558182,0
"274",51.58466339,0.286153228,2.504363298,463540.0313,585470.125,0.63098526,0.528297246,0.112277038,0.04966208,7.321221828,0.605729461,0.18288213,0.197930947,-0.207226977,565.66,0.215558182,0
"275",158.5782623,0.325031741,1.758925676,635761.0625,759984.8125,0.607550323,0.506763101,0.149637148,0.056367557,150.2980194,0.676706672,0.102223277,0.187704057,-0.082897313,565.66,0.215558182,0
"276",8.766929626,0.436526819,1.297952652,6410.399902,7117.058594,0.177100301,0.606218219,0.038338866,0.035414126,1230.748291,0.75251919,0.251032352,0.039801046,-0.153981596,565.66,0.215558182,0
"277",15.60521698,0.346697778,1.166123033,18073.69922,22688.3457,0.348506749,0.569620788,0.107757136,0.048110541,495.2770081,0.645754874,0.22768499,0.087526008,-0.164484262,565.66,0.215558182,0
"278",6.458720207,0.328238384,1.506676435,6705.735352,8544.396484,0.307560712,0.534244061,0.133372694,0.056305695,3978.087646,0.749804914,0.139052302,0.080146715,-0.194460586,565.66,0.215558182,0
"279",1.202842951,0.230287761,1.712398052,8807.359375,10118,0.72518605,0.612078846,0.086963825,0.045996942,7.321221828,0.858519137,0.187892497,0.150308222,-0.087485462,565.66,0.215558182,0
"280",10.63993073,0.312356029,2.217883825,86641.71094,116579,0.669352472,0.478873968,0.119668864,0.04691926,1.431399941,0.557634592,0.204441145,0.210051894,-0.315315664,565.66,0.215558182,0
"281",16.42557716,0.421389893,1.167344093,11451.07715,15702.64941,0.212765917,0.474346101,0.057486329,0.034863517,495.2770081,0.68122822,0.139234528,0.049511191,-0.221565798,565.66,0.215558182,0
"282",32.40963745,0.353545207,1.750288248,150835.2344,221812.5,0.514081717,0.491763264,0.103271045,0.050537612,8.417157173,0.546280921,0.173541799,0.120796233,-0.260481447,565.66,0.215558182,0
"283",34.38596344,0.199236716,1.520824194,92700.41406,130871.0938,0.538400829,0.678936243,0.066710904,0.075480059,2.306000948,0.685194135,0.060658157,0.026950018,-0.079912342,565.66,0.215558182,0
"284",10.24684238,0.490492567,1.595067143,13217.60352,15704.01953,0.242955908,0.74101007,0.078880899,0.04975684,583.1309204,0.834440947,0.099237218,0.023862701,-0.154977337,565.66,0.215558182,0
"285",44.82893753,0.431216264,1.596166849,66577.375,91291.16406,0.327268571,0.442380846,0.17096816,0.045326643,1409.272217,0.612751186,0.135272741,0.063672066,-0.143457264,565.66,0.215558182,0
"286",23.36913109,0.511360165,1.417132974,60801.86719,102422.2031,0.300338805,0.300432324,0.05059287,0.052201033,91.90572357,0.295872837,0.145670161,0.653086483,-0.172915176,565.66,0.215558182,0
"287",2.040550947,0.314620922,2.014831305,6213.29248,7392.446777,0.319750786,0.613059044,0.053075857,0.045059975,7.321221828,0.921225905,0.31128782,0.264239252,-0.763798833,565.66,0.215558182,0
"288",4.448524952,0.385296251,1.468347788,3852.483643,4352.099609,0.297527879,0.16431579,0.188613608,0.030848645,495.2770081,0.890494466,0.112820446,0.032628678,-0.081797741,565.66,0.215558182,0
"289",9.199258804,0.394814413,1.556291461,15336.81055,18539.16602,0.321619183,0.617155015,0.070484146,0.043296419,495.2770081,0.680641174,0.187337011,0.042008039,-0.18654573,565.66,0.215558182,0
"290",6.502952099,0.443490898,1.766368508,7708.290039,9063.091797,0.160642073,0.806201458,0.01,0.027936729,495.2770081,0.801599741,0.16813229,0.118815377,-0.197769329,565.66,0.215558182,0
"291",3.609543085,0.26263714,1.657087088,8738.432617,12165.67773,0.340945333,0.454162091,0.01,0.049050748,275.894165,0.539425731,0.242560163,0.291920245,-0.380604178,565.66,0.215558182,0
"292",19.97049522,0.398142755,1.869879246,46374.87891,56322.53125,0.371509433,0.50265944,0.101984538,0.051341727,495.2770081,0.75878793,0.105683789,0.10493011,-0.155036196,565.66,0.215558182,0
"293",2.17317009,0.282536569,2.138727903,15292.21387,20696.71289,0.65641129,0.545301139,0.161216632,0.058491349,7.321221828,0.677314222,0.230486304,0.47385323,-0.585145295,565.66,0.215558182,0
"294",1.247954965,0.419085637,2.476483583,16861.73047,21359.10938,0.677502394,0.426136106,0.15763402,0.043893777,30.78440094,0.693749487,0.190622836,0.134976044,-0.369273305,565.66,0.215558182,0
"295",14.08631706,0.504385341,2.372604847,22368.60742,26555.95898,0.175353512,0.550735414,0.054512724,0.037681505,1,0.862712324,0.20311366,0.217905909,-0.461758524,565.66,0.215558182,0
"296",12.91622925,0.308186576,1.453606367,31274.74414,39025.72266,0.518977165,0.399314433,0.175326467,0.040737074,495.2770081,0.754633784,0.125620902,0.127542973,-0.234641597,565.66,0.215558182,0
"297",41.35015106,0.374433448,2.165915012,92678.08594,109740.2734,0.359173745,0.614066839,0.127549276,0.048544176,79.2331543,0.775572002,0.126036182,0.07014969,-0.19030416,565.66,0.215558182,0
"298",6.611691952,0.324274039,1.521464586,8901.285156,11480.23926,0.315163136,0.535310626,0.091498792,0.066834204,4349.162109,0.868161619,0.117709987,0.071600839,-0.325324148,665.19,0.175953753,0
"299",3.71767211,0.262798862,1.6770401,8721.725586,12478.86426,0.302846402,0.454162091,0.011389808,0.052022215,281.1183472,0.521122634,0.238400012,0.340331554,-0.427040786,665.19,0.175953753,0
"300",1.697100997,0.249248577,2.510474682,10271.20703,17345.8125,0.724411964,0.275394589,0.134715736,0.076285966,471.8661194,0.253290653,0.118033417,0.570656776,-0.176498741,665.19,0.175953753,0
"301",35.16731262,0.200887389,1.530671954,99670.125,152034.9063,0.562384486,0.678936243,0.019045684,0.07381098,2.666619539,0.555299938,0.103147447,0.110363699,-0.106647849,665.19,0.175953753,1
"302",14.38664913,0.510498993,2.415822744,24453.61719,28507.17773,0.196366936,0.550735414,0.064769268,0.037753459,1,0.76028657,0.247410059,0.196359858,-0.560030043,665.19,0.175953753,0
"303",4.476152897,0.383811745,1.478430629,4017.073486,4586.508301,0.297514617,0.16431579,0.16533643,0.030830028,471.8661194,0.871439636,0.103949383,0.03422273,-0.079393432,665.19,0.175953753,0
"304",42.48683929,0.373139759,2.185294867,101466.2891,120481.5,0.369920015,0.613582015,0.128798753,0.049871173,88.81076813,0.778495908,0.126310199,0.059850641,-0.163805217,665.19,0.175953753,0
"305",10.76146698,0.295883804,2.27330327,91199.34375,117567.5469,0.644372284,0.502061784,0.10431274,0.046433207,1.407783389,0.588693678,0.224473178,0.222436279,-0.329324484,665.19,0.175953753,1
"306",20.52044678,0.398008286,1.87274313,48416.19531,59758.67578,0.375484079,0.50265944,0.108371511,0.051385835,471.8661194,0.74493432,0.101223826,0.048844151,-0.142271549,665.19,0.175953753,0
"307",2.215620995,0.291566125,2.150542021,16881.39258,22265.5,0.657977998,0.548780084,0.161222517,0.057394654,7.26113224,0.683775663,0.23639904,0.418648601,-0.557650387,665.19,0.175953753,0
"308",1.225257993,0.233420239,1.74842751,8618.662109,9937.149414,0.690772653,0.612078846,0.092836261,0.046540111,7.26113224,0.832517028,0.167080328,0.116554923,-0.051425122,665.19,0.175953753,0
"309",1.251023054,0.418057845,2.497079372,17577.9668,22894.8457,0.708600461,0.426136106,0.159058928,0.04367236,28.70594978,0.655563235,0.179233491,0.143098071,-0.374492407,665.19,0.175953753,0
"310",17.06463623,0.424261221,1.173612475,12210.90039,16641.70703,0.188948467,0.483678311,0.051174682,0.03623876,471.8661194,0.752767205,0.149632961,0.107467107,-0.198984176,665.19,0.175953753,0
"311",2.064166069,0.304239097,1.971331716,6451.65332,7590.668457,0.331018746,0.596339285,0.06764631,0.044124052,7.26113224,0.929172814,0.306493104,0.294285506,-0.784459949,665.19,0.175953753,0
"312",24.21856499,0.524758805,1.424196243,77377.09375,130064.3516,0.37121433,0.287134469,0.079740137,0.051812794,93.93475342,0.281776339,0.156423315,0.56612277,-0.133620888,665.19,0.175953753,0
"313",16.08190346,0.340925612,1.178895473,18830.96094,24143.66602,0.343112946,0.546761274,0.113893405,0.049840588,471.8661194,0.630731583,0.239377722,0.142425358,-0.185312897,665.19,0.175953753,0
"314",10.51607132,0.489821709,1.628396869,14759.69824,17539.03516,0.25166893,0.74101007,0.079142869,0.048238788,600.3065186,0.85441637,0.084747173,0.034320794,-0.153008163,665.19,0.175953753,0
"315",52.26351547,0.295646852,2.557714462,482722.2813,619826.75,0.614699721,0.532650709,0.114288829,0.050073311,7.26113224,0.59773469,0.182883039,0.237046406,-0.235279441,665.19,0.175953753,0
"316",46.25769043,0.435934255,1.609234691,73555.14063,105822.6875,0.336208135,0.450286269,0.158742428,0.045703493,1572.116211,0.594493985,0.126991898,0.062684014,-0.167414963,665.19,0.175953753,0
"317",13.30091,0.310999881,1.47096777,32241.90234,41053.29688,0.505049229,0.385878801,0.167795405,0.041838966,471.8661194,0.749152422,0.13696003,0.142479077,-0.270664841,665.19,0.175953753,0
"318",6.679282188,0.439867621,1.769806623,8371.783203,10168.73145,0.163256109,0.806201458,0.01,0.028752102,471.8661194,0.770838499,0.21752581,0.141033515,-0.221666962,665.19,0.175953753,0
"319",24.9390049,0.379107359,1.186106086,22673.58398,28112.44727,0.393958062,0.41484192,0.291730493,0.05204422,29.06760025,0.830366313,0.152138099,0.251226544,-0.469410837,665.19,0.175953753,0
"320",9.460802078,0.388127761,1.599606156,15583.86914,18882.57227,0.312817156,0.617155015,0.06721019,0.042970985,471.8661194,0.681301713,0.187784463,0.029268906,-0.16935955,665.19,0.175953753,0
"321",2.051338911,0.357815095,2.738507032,16553.1543,29497.00781,0.640486598,0.277960986,0.226908222,0.060189031,6.838235855,0.41281724,0.192748666,0.279374212,-0.415171504,665.19,0.175953753,0
"322",162.8770752,0.318979996,1.781640649,649259.3125,767095.75,0.607455492,0.496141911,0.163924292,0.056098677,153.8616028,0.666857958,0.100876398,0.252074152,-0.108876653,665.19,0.175953753,0
"323",9.043507576,0.433681279,1.310621381,7150.652344,7867.958496,0.194259137,0.606218219,0.047489651,0.036387302,1261.073364,0.774961472,0.242190987,0.036278725,-0.155456334,665.19,0.175953753,0
"324",32.85882187,0.368038436,1.769989371,164954.1719,251251.1875,0.519506514,0.494471788,0.104436666,0.051013555,8.089875221,0.526243031,0.176237717,0.126570493,-0.279364228,665.19,0.175953753,0
"325",13.70351315,0.314552297,1.488536596,33315.79688,43233.13672,0.486371368,0.399118096,0.162491366,0.043103263,510.5271301,0.747091413,0.140820041,0.14729391,-0.290659875,625.99,-0.058930531,0
"326",10.78885269,0.489857448,1.663946271,15982.40332,19276.74609,0.247568309,0.74101007,0.0779939,0.046714254,614.295166,0.853764474,0.094448812,0.040679041,-0.175002679,625.99,-0.058930531,0
"327",43.64662933,0.376404053,2.204848051,107784.8125,128201,0.367057621,0.61411798,0.134455249,0.051102348,84.52960205,0.771841645,0.13083519,0.061331369,-0.18448621,625.99,-0.058930531,0
"328",1.253371,0.422061771,2.517846346,18148.08984,23376.74805,0.689791083,0.426136106,0.156770915,0.043808054,30.04997253,0.665240109,0.188018367,0.147932112,-0.428323179,625.99,-0.058930531,0
"329",2.089927912,0.324891598,1.930388093,6831.384766,8412.356445,0.340939432,0.623468041,0.057176679,0.042675205,8.209968567,0.852562845,0.311295152,0.252044141,-0.710860908,625.99,-0.058930531,0
"330",2.263933897,0.310079735,2.162525892,18333.56836,25687.72461,0.677491903,0.543793261,0.176217511,0.056421954,8.209968567,0.658201814,0.221580207,0.349102259,-0.549193084,625.99,-0.058930531,0
"331",35.99019241,0.201934767,1.540583372,97622.91406,147943.375,0.508891046,0.678936243,0.037817843,0.071287051,3.572958231,0.590822041,0.103715368,0.043272845,-0.086977005,625.99,-0.058930531,0
"332",25.09614944,0.52385646,1.43129468,83181.11719,138353.2031,0.398915321,0.281908363,0.096264184,0.051465672,95.46795654,0.287507027,0.151094362,0.58972764,-0.149643376,625.99,-0.058930531,0
"333",21.0823822,0.398021485,1.875611544,50659.28516,62044.64844,0.380699188,0.50265944,0.116446003,0.051630743,510.5271301,0.736325502,0.102264233,0.110417597,-0.172944561,625.99,-0.058930531,0
"334",2.089314938,0.380028887,2.761630058,17365.02344,31260.40039,0.597389817,0.277960986,0.207130343,0.059478603,7.619141579,0.400649339,0.225824505,0.301077068,-0.470270514,625.99,-0.058930531,0
"335",6.859481812,0.440412263,1.773266554,8473.621094,10190.7334,0.173528537,0.806201458,0.01,0.029646527,510.5271301,0.693520904,0.195362702,0.13095887,-0.257390916,625.99,-0.058930531,0
"336",167.297287,0.31965757,1.804648995,648875.3125,767886.375,0.650559425,0.499269843,0.194644734,0.054261781,157.4994202,0.620743752,0.095111676,0.25984633,-0.05923871,625.99,-0.058930531,0
"337",1.248157978,0.236348277,1.787123084,8884.927734,10177.24414,0.687799573,0.612078846,0.100139052,0.046802651,8.209968567,0.820928693,0.167386472,0.140899003,-0.051036548,625.99,-0.058930531,0
"338",16.57121658,0.335222068,1.191807866,20295.67188,26778.72461,0.337820768,0.557732105,0.09650369,0.053087492,510.5271301,0.601921558,0.239181533,0.136869267,-0.233844727,625.99,-0.058930531,0
"339",9.319709778,0.431343902,1.323413849,7543.105957,8286.547852,0.201492622,0.606218219,0.057630818,0.037310213,1442.505615,0.748941123,0.27290234,0.042050149,-0.167133674,625.99,-0.058930531,0
"340",3.830239058,0.262646803,1.697714686,9627.848633,14183.8623,0.303983331,0.454162091,0.01,0.055827945,296.6199951,0.563361704,0.273207694,0.332598597,-0.565042675,625.99,-0.058930531,0
"341",9.729160309,0.389036641,1.644126415,16225.82422,19638.28516,0.316044778,0.617155015,0.075751029,0.042520355,510.5271301,0.650403023,0.193695843,0.033428639,-0.17403546,625.99,-0.058930531,0
"342",47.77942657,0.439179798,1.622409344,77496,107156.1094,0.305656612,0.481224,0.144398034,0.046021346,1583.002808,0.605147064,0.146730259,0.075559378,-0.177217051,625.99,-0.058930531,0
"343",4.49041605,0.382369916,1.48858285,4157.345703,4751.097656,0.303661227,0.16431579,0.184620485,0.03090463,510.5271301,0.868729711,0.10329324,0.036233503,-0.072900958,625.99,-0.058930531,0
"344",10.88666821,0.301015159,2.330107212,96062.14844,123555.9531,0.646113157,0.502061784,0.10691566,0.04568781,1.561891675,0.584061027,0.231829882,0.20096074,-0.321665138,625.99,-0.058930531,0
"345",6.766102791,0.320716392,1.536397815,9644.59082,11643.30176,0.301550299,0.538834453,0.093732975,0.073988229,4344.037598,0.878260672,0.131846011,0.177697375,-0.378055185,625.99,-0.058930531,0
"346",25.67660522,0.374369704,1.191317797,24852.40039,36193.75781,0.360235482,0.41484192,0.245897278,0.053347778,28.37298393,0.850147605,0.171670184,0.259729534,-0.747852385,625.99,-0.058930531,0
"347",52.99821472,0.300420516,2.596011639,503098.1875,641151.375,0.598360479,0.537096083,0.111176684,0.050672006,8.209968567,0.610888124,0.192781553,0.214902177,-0.240528539,625.99,-0.058930531,0
"348",33.33378983,0.363146215,1.789912224,177670.2031,260796.875,0.516516089,0.494522333,0.096634962,0.051572721,8.628441811,0.528847337,0.200000212,0.119358793,-0.274405152,625.99,-0.058930531,0
"349",17.73163414,0.425370917,1.179914594,12753.90723,17252.27539,0.213437229,0.400547326,0.073835358,0.036749884,510.5271301,0.715966642,0.146371052,0.122548789,-0.168473318,625.99,-0.058930531,0
"350",1.756816983,0.25216058,2.567820549,10984.71387,18754.77734,0.616351128,0.275394589,0.160062194,0.077074923,510.5271301,0.294801056,0.141435951,0.513718843,-0.204814941,625.99,-0.058930531,0
"351",14.71082592,0.517714624,2.4598279,31893.6543,33726.33984,0.207671195,0.550735414,0.05709834,0.037443176,1,0.965206146,0.240723938,0.205126137,-0.438267142,625.99,-0.058930531,0
"352",4.499652863,0.38114052,1.498804688,2781.259277,2984.366943,0.200003177,0.16431579,0.101912811,0.030384704,494.0400391,0.875279546,0.147939608,0.024579255,-0.064283937,624.26,-0.002763622,1
"353",33.82476807,0.363263396,1.81005919,186441.2344,273493.2813,0.51798296,0.505836308,0.098153003,0.051957138,8.405504227,0.523512423,0.209846213,0.116321817,-0.262635022,624.26,-0.002763622,0
"354",25.99834061,0.523032411,1.438428521,94775.49219,149528.7188,0.41044125,0.281047285,0.110674277,0.050453756,96.51828003,0.304091781,0.187260613,0.549477577,-0.150388137,624.26,-0.002763622,0
"355",171.8292999,0.320832799,1.827954412,757170.4375,882447.375,0.656750917,0.488773763,0.225544602,0.051881514,157.3112183,0.729331255,0.08657781,0.158287868,-0.070460625,624.26,-0.002763622,0
"356",14.12032032,0.317721447,1.506315231,34030.64844,45579.69922,0.487374544,0.402252793,0.170723811,0.044358943,494.0400391,0.713346601,0.139614716,0.145665377,-0.281590939,624.26,-0.002763622,0
"357",2.117361069,0.318320779,1.891818523,7121.01709,8579.614258,0.350948632,0.661128879,0.045355961,0.04184391,9.655056,0.849627554,0.293703318,0.215951592,-0.57997483,624.26,-0.002763622,0
"358",1.255290031,0.429382821,2.538785934,18654.9082,24710.61719,0.7085917,0.426136106,0.158981085,0.044356331,30.7013588,0.639240801,0.187195852,0.141823038,-0.379451871,624.26,-0.002763622,0
"359",11.06515121,0.497236753,1.701898932,16527.16602,20006.77539,0.239826813,0.74101007,0.070583187,0.046346281,646.6359863,0.834576309,0.092458926,0.045013189,-0.170275763,624.26,-0.002763622,0
"360",15.0545063,0.52569383,2.504634857,30320.33984,33341.15625,0.21859479,0.550735414,0.111489676,0.036626596,1,0.78603667,0.274614781,0.16963847,-0.426187515,624.26,-0.002763622,0
"361",11.01455784,0.305081102,2.388330936,99913.875,127201,0.634589851,0.502061784,0.109715156,0.045046426,1.624658346,0.586528301,0.246498272,0.194350123,-0.315510839,624.26,-0.002763622,0
"362",10.0044508,0.390126374,1.689885736,16999.78125,21530.87109,0.312019736,0.617155015,0.075550444,0.043406375,494.0400391,0.633541882,0.199401394,0.04005738,-0.20805797,624.26,-0.002763622,0
"363",26.43437195,0.372837217,1.196552515,26716.59375,43085.48438,0.364799351,0.41484192,0.25789696,0.057016052,30.10411072,0.738969445,0.168552399,0.228596687,-0.692144752,624.26,-0.002763622,0
"364",17.07272339,0.329647591,1.20486176,21687.63867,28517.9668,0.314887911,0.573418379,0.066287942,0.057408314,494.0400391,0.608714223,0.247730076,0.142379701,-0.26273641,624.26,-0.002763622,0
"365",1.271456003,0.23988247,1.828727365,9160.216797,10461.83691,0.680179,0.612078846,0.106042095,0.046958171,9.655056,0.808507144,0.180750489,0.282993078,-0.291500449,624.26,-0.002763622,0
"366",2.316519976,0.305630865,2.174682617,19942.73242,27419.67578,0.677991271,0.526016831,0.186187878,0.056025572,9.655056,0.676762402,0.228025183,0.380716622,-0.553368986,624.26,-0.002763622,0
"367",36.84991837,0.202804559,1.550559044,98878.77344,149416.5469,0.505825341,0.678936243,0.0419636,0.068865702,4.756760597,0.590457678,0.109032713,0.070029438,-0.11809922,624.26,-0.002763622,0
"368",1.817270994,0.254777648,2.609771252,12115.37207,20232.57813,0.607427061,0.275394589,0.152847528,0.077545278,494.0400391,0.304788589,0.157915384,0.476481885,-0.185621575,624.26,-0.002763622,0
"369",3.946170092,0.263546664,1.7166785,9936.966797,15043.4873,0.318128854,0.454162091,0.01,0.059575062,300.6816711,0.524529457,0.265602082,0.298614115,-0.494787335,624.26,-0.002763622,0
"370",21.65571594,0.398137519,1.878484249,53696.21484,65569.0625,0.386670291,0.50265944,0.120856725,0.051436823,494.0400391,0.740013778,0.106682546,0.108344257,-0.163598984,624.26,-0.002763622,0
"371",44.82685089,0.380205326,2.224575996,116405.1016,136213.125,0.358923733,0.624638557,0.128707066,0.051920399,86.12287903,0.793048799,0.137558565,0.061579876,-0.194972783,624.26,-0.002763622,0
"372",2.128506899,0.397461721,2.785270452,19584.06836,31784.70508,0.602444887,0.277960986,0.216246143,0.058627177,8.398908615,0.408835471,0.250240535,0.365879685,-0.426377535,624.26,-0.002763622,0
"373",9.600186348,0.429054217,1.336331129,8554.591797,9290.80957,0.223679423,0.606218219,0.074411832,0.037872255,1555.09082,0.727423847,0.30935359,0.036149953,-0.162153363,624.26,-0.002763622,0
"374",18.42637253,0.426999663,1.186250448,13300.03906,17946.35938,0.21040161,0.41627419,0.070192635,0.036320593,494.0400391,0.706655979,0.15173243,0.118567251,-0.161533907,624.26,-0.002763622,0
"375",6.922079086,0.317679104,1.55147779,12105.93945,13652.84082,0.327540338,0.531525075,0.157277927,0.076695889,4332.499023,0.99950105,0.121373892,0.176991448,-0.427270621,624.26,-0.002763622,0
"376",53.76739502,0.306580051,2.63514924,516705.0938,660123.9375,0.585409284,0.543798149,0.106060222,0.051397752,9.655056,0.608576715,0.202827051,0.200530276,-0.236777738,624.26,-0.002763622,0
"377",49.25283813,0.442234096,1.635692,85737.42188,117429.0469,0.296185613,0.495988339,0.131796435,0.045712594,1600.444336,0.626168847,0.172815651,0.056545623,-0.176784202,624.26,-0.002763622,0
"378",7.042947769,0.441150526,1.776748776,8975.318359,11249.53906,0.173524916,0.806201458,0.01,0.030326987,494.0400391,0.697682619,0.205823779,0.136511505,-0.30230549,624.26,-0.002763622,0
"379",27.21238136,0.364967259,1.201810122,28057.24414,47308.15625,0.364455223,0.41484192,0.218609646,0.062370934,31.35268784,0.653244078,0.153678656,0.250833303,-0.611409962,611.58,-0.020312049,0
"380",46.02425003,0.38452373,2.24448061,121194.5938,142941.8438,0.349074006,0.638445854,0.116923295,0.052770078,87.92216492,0.787186801,0.138124883,0.049026016,-0.193620428,611.58,-0.020312049,0
"381",1.295096993,0.243997181,1.873510718,9273.613281,10601.45801,0.653832257,0.612078846,0.107347928,0.047038373,10.85265541,0.792446911,0.196181953,0.28662324,-0.299708486,611.58,-0.020312049,0
"382",17.58597755,0.323820294,1.218058467,23202.4082,28946.92188,0.303140789,0.57301259,0.062418442,0.059593458,494.4149475,0.613048792,0.268807024,0.147452235,-0.21652168,611.58,-0.020312049,0
"383",2.370991945,0.311262119,2.187015057,21330.42383,31858.76758,0.736396551,0.521385968,0.17423375,0.055608254,10.85265541,0.602857471,0.20616211,0.19828701,-0.436230987,611.58,-0.020312049,0
"384",54.53956985,0.308942032,2.675950527,525500.875,664996.9375,0.576010406,0.552340627,0.100601725,0.052002136,10.85265541,0.59777385,0.20829691,0.186672717,-0.220542416,611.58,-0.020312049,0
"385",2.168572903,0.4011855,2.809442282,20735.54883,32587.43164,0.610395551,0.277960986,0.2310718,0.057413489,8.976083755,0.382785052,0.266795933,0.344722152,-0.409589857,611.58,-0.020312049,0
"386",4.515391827,0.379369083,1.509096742,2935.435791,3357.34082,0.200209469,0.16431579,0.10607823,0.02988527,494.4149475,0.961767316,0.10173279,0.024610935,-0.102733083,611.58,-0.020312049,0
"387",1.875712991,0.258035211,2.652407408,12740.49121,21407.08984,0.549944937,0.275394589,0.127013281,0.078210823,494.4149475,0.331592828,0.171513781,0.442986816,-0.208328918,611.58,-0.020312049,0
"388",2.145785093,0.318764455,1.85545671,7388.580566,9025.008789,0.369103849,0.661128879,0.047646537,0.041529212,10.85265541,0.769750059,0.320382655,0.202424765,-0.512340248,611.58,-0.020312049,0
"389",50.85586929,0.447189305,1.649083376,89107.10156,122142.6797,0.302717388,0.498002052,0.125715554,0.044998337,1654.004517,0.586816967,0.159820959,0.064752392,-0.152184054,611.58,-0.020312049,0
"390",10.28671169,0.391281511,1.730040073,17698.18555,22185.78516,0.319380254,0.617155015,0.080165878,0.045198284,494.4149475,0.597384751,0.191600293,0.056752406,-0.232563183,611.58,-0.020312049,0
"391",34.3180809,0.361976824,1.83043313,196667.6406,280881,0.50368464,0.497350454,0.098909855,0.052032739,8.406336784,0.542861044,0.222986802,0.121811308,-0.203160852,611.58,-0.020312049,0
"392",11.34535694,0.504259205,1.734196305,18052.60938,21805.79883,0.237765715,0.74101007,0.074368089,0.045736637,681.8616943,0.828600109,0.106676131,0.046414241,-0.156560853,611.58,-0.020312049,0
"393",37.73791122,0.205054006,1.560599208,103068.3516,154406.4063,0.529048383,0.678936243,0.06745059,0.066368572,5.736866474,0.57012856,0.11203137,0.067332663,-0.105280191,611.58,-0.020312049,0
"394",7.079162121,0.314867784,1.566705585,10231.28516,11686.02344,0.265764028,0.545049667,0.136535808,0.078367651,4524.157715,0.955909908,0.114380427,0.21883367,-0.427574277,611.58,-0.020312049,0
"395",7.228915215,0.441975018,1.780253291,9681.272461,11908.11914,0.178533107,0.806201458,0.01,0.03126651,494.4149475,0.682067156,0.228676632,0.238346636,-0.358576,611.58,-0.020312049,0
"396",9.89179039,0.426212032,1.349374533,8920.630859,9631.560547,0.227975771,0.606218219,0.077690713,0.038446367,1546.686646,0.731835365,0.308405757,0.037831847,-0.160958841,611.58,-0.020312049,0
"397",1.257218957,0.437473528,2.559899569,19337.55469,25447.36914,0.705523968,0.426136106,0.16140762,0.045301847,30.62161636,0.627315283,0.194016278,0.153041273,-0.373194396,611.58,-0.020312049,0
"398",4.063920021,0.264522934,1.733373404,10374.75977,14987.33398,0.31316334,0.454162091,0.01,0.06128915,303.2550049,0.552203655,0.292390049,0.227908507,-0.448004991,611.58,-0.020312049,0
"399",176.460495,0.321038604,1.851560831,756413.6875,896604.8125,0.658174276,0.488773763,0.243143842,0.049603589,158.5526428,0.705080867,0.080187313,0.147259742,-0.071506657,611.58,-0.020312049,0
"400",11.14390755,0.299551639,2.448009253,104398.1406,130731.6563,0.623980045,0.502061784,0.11629153,0.044251248,1.69767499,0.604772687,0.259873092,0.176958695,-0.280042499,611.58,-0.020312049,0
"401",19.14821815,0.429025386,1.192620397,14371.35938,19488.96484,0.212225616,0.4321751,0.066686742,0.036326215,494.4149475,0.665843904,0.180204958,0.083881162,-0.182476789,611.58,-0.020312049,0
"402",15.41167545,0.533498887,2.550257683,30839.22852,34212.00781,0.218886465,0.550735414,0.124082729,0.035725724,1,0.708616555,0.325443119,0.141791314,-0.340442091,611.58,-0.020312049,0
"403",14.54611111,0.32017466,1.524306178,35836.14844,47209.73828,0.48040241,0.404463947,0.172975555,0.045281518,494.4149475,0.709784985,0.141662091,0.140284538,-0.261961758,611.58,-0.020312049,0
"404",26.92046547,0.5225409,1.445597887,97978.0625,154079.0781,0.408686906,0.288763583,0.114427567,0.048892505,98.30241394,0.341916412,0.166327044,0.52138865,-0.167877018,611.58,-0.020312049,0
"405",22.2399044,0.401563535,1.881361365,56575.95313,69749.07813,0.385354996,0.50265944,0.12647149,0.051420882,494.4149475,0.739135921,0.109461524,0.118410803,-0.181439072,611.58,-0.020312049,0
"406",2.174644947,0.310855342,1.821150184,7499.208496,9106.575195,0.388559431,0.661128879,0.050481427,0.041554444,12.75893116,0.732426047,0.298712373,0.220445558,-0.492878407,391.75,-0.359446025,0
"407",2.209197044,0.404671913,2.834160805,21442.97266,35550.10156,0.585483551,0.277960986,0.208480626,0.056382038,10.12900257,0.39126575,0.267992765,0.294944823,-0.42637071,391.75,-0.359446025,1
"408",34.80332184,0.359471335,1.85103631,202373.8594,283688.4063,0.512253225,0.500387192,0.102558352,0.051977266,9.76434803,0.525348604,0.217659697,0.144698933,-0.242255211,391.75,-0.359446025,0
"409",27.85930443,0.522277238,1.452803016,97210.99219,150489.6875,0.338637412,0.350047946,0.096443437,0.046979368,120.0606995,0.420018852,0.180351302,0.453902543,-0.182637468,391.75,-0.359446025,0
"410",55.29122543,0.317057997,2.718503475,532748.6875,675160.8125,0.559844196,0.559647441,0.099721164,0.052435853,12.75893116,0.597613513,0.203136384,0.178756624,-0.199027732,391.75,-0.359446025,0
"411",15.77745056,0.540687431,2.584653139,33771.64453,37220.98828,0.212050229,0.550735414,0.126396477,0.034892626,1,0.760102272,0.365068465,0.137558386,-0.354298115,391.75,-0.359446025,0
"412",1.319010973,0.247154885,1.921774387,9459.777344,10794.47266,0.65561527,0.612078846,0.124834105,0.046874393,12.75893116,0.754761934,0.202043876,0.240064159,-0.250451565,391.75,-0.359446025,0
"413",14.97699356,0.327634739,1.542512059,37556.70313,49858.49609,0.478772938,0.414407849,0.173787311,0.046366252,591.6593628,0.687623203,0.13832882,0.136796981,-0.233291641,391.75,-0.359446025,0
"414",7.237024784,0.317533816,1.582082987,10495.7168,11694.68555,0.242121145,0.546892524,0.068767868,0.078866117,5080.74707,0.972858846,0.14430365,0.131585419,-0.361271828,391.75,-0.359446025,1
"415",181.1817474,0.330540709,1.875472069,758455.1875,892099.125,0.631574988,0.488773763,0.245138243,0.047330815,192.4405212,0.763928473,0.075167358,0.112038448,-0.071195215,391.75,-0.359446025,0
"416",28.01069069,0.367056584,1.207090855,29847.23633,46862.83984,0.348571151,0.41484192,0.192278147,0.065138161,39.98247528,0.647554219,0.16176489,0.199679837,-0.470383435,391.75,-0.359446025,0
"417",19.89696503,0.431394331,1.199024558,15345.32324,20883.02734,0.210466906,0.434277385,0.063183799,0.037556924,591.6593628,0.664810836,0.175573125,0.066001318,-0.215126827,391.75,-0.359446025,0
"418",18.11062431,0.324588083,1.231399775,24356.70313,30429.87891,0.291993022,0.570814252,0.061391324,0.06114243,591.6593628,0.595969796,0.278484106,0.117575914,-0.184691817,391.75,-0.359446025,0
"419",10.19927025,0.426991335,1.362545133,8647.543945,9323.660156,0.214728221,0.606218219,0.08576227,0.0390229,1571.898315,0.737576723,0.307027161,0.032196257,-0.15847981,391.75,-0.359446025,1
"420",4.54610014,0.37746638,1.519459486,3332.140625,3666.808838,0.224019617,0.16431579,0.109776013,0.030102398,591.6593628,0.944706619,0.117851406,0.066931665,-0.250197887,391.75,-0.359446025,0
"421",7.416801929,0.442778431,1.783780456,10448.02734,13133.78418,0.182276547,0.806201458,0.01,0.032748476,591.6593628,0.657655716,0.248147935,0.204174832,-0.342823237,391.75,-0.359446025,0
"422",10.57595158,0.392588782,1.766209722,18346.0332,22317.13086,0.304642737,0.617155015,0.082872711,0.045847077,591.6593628,0.593659163,0.211739913,0.042219356,-0.173105255,391.75,-0.359446025,0
"423",11.27366066,0.29782528,2.509178877,108197.3828,133527.5,0.609570026,0.502061784,0.11819616,0.043405049,1.96162498,0.617261052,0.267335087,0.188188776,-0.298795074,391.75,-0.359446025,0
"424",1.930174947,0.261634343,2.695739985,12779.95996,19970.70117,0.536338091,0.275394589,0.141177431,0.078352503,591.6593628,0.348285675,0.159825191,0.4395715,-0.186193079,391.75,-0.359446025,0
"425",11.62955284,0.505608444,1.76664412,21104.39453,25382.23047,0.242213115,0.74101007,0.075026467,0.044574533,720.9750977,0.883963406,0.100817539,0.040937431,-0.139275521,391.75,-0.359446025,0
"426",38.64780426,0.206707031,1.57070446,106158.1328,157452.3594,0.549013197,0.678936243,0.076792464,0.064470619,6.025732517,0.551996827,0.105975799,0.060500015,-0.110504173,391.75,-0.359446025,0
"427",4.182341099,0.266118905,1.750632167,10811.39941,15067.19043,0.301055044,0.454162091,0.01,0.061539557,324.6716614,0.543421984,0.268890858,0.186896443,-0.318967551,391.75,-0.359446025,0
"428",1.259456038,0.443048436,2.574240685,19926.38086,26987.53711,0.718785644,0.426136106,0.165164992,0.046512138,35.05670166,0.611991704,0.188922331,0.149537861,-0.326089025,391.75,-0.359446025,0
"429",22.83452225,0.402865602,1.884242892,59633.66016,72350.53125,0.385256767,0.50265944,0.130555078,0.051575158,591.6593628,0.746577382,0.109510519,0.096949443,-0.146297961,391.75,-0.359446025,0
"430",2.425560951,0.30879453,2.199526787,24080.125,35079.875,0.718041301,0.521618307,0.166882336,0.054934494,12.88192081,0.647278488,0.219137803,0.287072778,-0.523023009,391.75,-0.359446025,0
"431",52.42052841,0.448969733,1.662584305,89457.77344,120520.2891,0.299888313,0.538095236,0.105243191,0.044158231,1991.390991,0.538293898,0.138330877,0.085147262,-0.221681848,391.75,-0.359446025,0
"432",47.23625946,0.389215859,2.264563322,128799.9297,150908.8906,0.342831343,0.650875986,0.12465436,0.053783048,98.17845154,0.78291887,0.145141914,0.062154271,-0.220034897,391.75,-0.359446025,0
"433",18.64643288,0.325585604,1.244887233,24770.08789,32178.21484,0.278784811,0.570814252,0.042418621,0.064198263,593.0777588,0.568573296,0.273871213,0.128998727,-0.200056121,355.21,-0.093273772,0
"434",39.5788269,0.208845493,1.580875158,109868.5,161608.4688,0.558339238,0.678936243,0.095036387,0.062773094,6.751416683,0.551700711,0.106485553,0.063866332,-0.122060418,355.21,-0.093273772,0
"435",54.10472488,0.450722364,1.67619586,97843.5625,127142.5938,0.271007448,0.560929537,0.102616392,0.043169864,2177.085938,0.60589534,0.14546825,0.075948924,-0.136565432,355.21,-0.093273772,0
"436",10.52411747,0.427494285,1.375844479,9037.397461,9680.816406,0.222724468,0.606218219,0.108146906,0.039155971,1654.626709,0.720646501,0.321599424,0.034394298,-0.151080474,355.21,-0.093273772,1
"437",56.01547241,0.31420429,2.762902021,538827.25,666339.125,0.54554224,0.567085624,0.096220605,0.052547429,14.70961094,0.605292082,0.208414048,0.168247417,-0.180653378,355.21,-0.093273772,0
"438",7.606373787,0.44370683,1.787330389,10801.86035,13476.66895,0.177026689,0.806201458,0.01,0.033794146,593.0777588,0.662172437,0.246953249,0.208296046,-0.342543811,355.21,-0.093273772,0
"439",20.67298698,0.433306187,1.205463052,16205.43848,20956.31445,0.198193163,0.450537801,0.058459125,0.038645849,593.0777588,0.694043994,0.182878718,0.079212457,-0.165587246,355.21,-0.093273772,0
"440",2.479712963,0.296405256,2.21222043,25899.39063,33583.28516,0.702837765,0.513729393,0.171984687,0.054236382,14.70876694,0.715928435,0.216767475,0.278108716,-0.448361009,355.21,-0.093273772,0
"441",28.8294754,0.369926082,1.212394714,30835.70117,47601.875,0.369278669,0.41484192,0.195780262,0.064464271,63.05623245,0.594660103,0.15169999,0.170294866,-0.322470367,355.21,-0.093273772,0
"442",2.250260115,0.405730867,2.85944128,21955.57031,34871.40234,0.586166084,0.277960986,0.227870628,0.055364214,10.90115452,0.383550018,0.262993068,0.319200844,-0.327472091,355.21,-0.093273772,0
"443",4.594621181,0.378921349,1.529893398,3522.95166,3854.813232,0.234106258,0.16431579,0.114364885,0.030163109,593.0777588,0.943040848,0.119363964,0.049018089,-0.086345911,355.21,-0.093273772,0
"444",11.91750813,0.50690126,1.801177263,21238.77539,25822.06445,0.240624532,0.74101007,0.076152615,0.044147778,787.2515259,0.823452055,0.103184208,0.041711647,-0.122839652,355.21,-0.093273772,0
"445",16.15036201,0.547318901,2.616257429,32208.06055,35588.39453,0.210577682,0.550735414,0.128330156,0.034051206,1,0.654712081,0.400669903,0.141247571,-0.310445547,355.21,-0.093273772,0
"446",28.81346321,0.519218018,1.460044026,98276.26563,140024.4844,0.334120274,0.342457354,0.108714834,0.044907015,163.6564331,0.46372965,0.168402895,0.337942719,-0.106320024,355.21,-0.093273772,1
"447",1.262132049,0.442901371,2.588634729,20517.50391,28266.83984,0.766891897,0.426136106,0.171514854,0.047678772,35.54188156,0.584708571,0.179746345,0.123923823,-0.309066713,355.21,-0.093273772,0
"448",10.87229824,0.394120889,1.803135514,18893.67188,22749.28516,0.284257382,0.617155015,0.061142642,0.045525245,593.0777588,0.630387545,0.216393918,0.02830286,-0.194104373,355.21,-0.093273772,0
"449",1.979786038,0.263159765,2.739780664,13049.3916,20318.12695,0.531688988,0.275394589,0.164732978,0.077550188,593.0777588,0.362333626,0.160621837,0.295808196,-0.126847178,355.21,-0.093273772,0
"450",1.343098044,0.249423346,1.973855257,9687.983398,11186.67578,0.634369969,0.612078846,0.132335186,0.046948418,14.70961094,0.758086801,0.215156451,0.22874549,-0.248585597,355.21,-0.093273772,0
"451",4.301018238,0.26691354,1.768477917,10802.07227,14569.3877,0.284292042,0.454162091,0.01,0.061091945,352.3708191,0.567876756,0.27178672,0.200098008,-0.332601339,355.21,-0.093273772,0
"452",15.41161442,0.329725674,1.560935378,39534.9375,51466.11719,0.470642447,0.412224472,0.186057433,0.047674682,593.0777588,0.695815444,0.141352132,0.134763271,-0.224578217,355.21,-0.093273772,0
"453",48.46156693,0.394428872,2.284825802,135737.2813,155154.8594,0.340420395,0.65174222,0.137358353,0.053825844,101.5043716,0.780331969,0.150089189,0.045946274,-0.166385874,355.21,-0.093273772,0
"454",35.2767868,0.362290375,1.871871352,209336.5625,296491.5625,0.508105338,0.495084584,0.103824578,0.052249376,9.807476044,0.527227581,0.216264501,0.144098699,-0.254951268,355.21,-0.093273772,0
"455",2.203820944,0.309008795,1.788759112,7641.212891,9214.575195,0.38848418,0.661128879,0.048312522,0.041565355,14.70961094,0.731766582,0.303573787,0.207855493,-0.458248198,355.21,-0.093273772,0
"456",23.43918991,0.404009851,1.887128949,61688.71875,74882.72656,0.388757527,0.50265944,0.136602923,0.051712196,593.0777588,0.738445342,0.108244456,0.049979005,-0.115376472,355.21,-0.093273772,0
"457",7.396190166,0.318947987,1.597611189,11725.54102,12989.8457,0.260270298,0.549750805,0.050911192,0.077786975,6289.939941,0.94897306,0.150168493,0.133015156,-0.333659261,355.21,-0.093273772,0
"458",185.9896393,0.340140042,1.899692178,709656.0625,833564.8125,0.540335417,0.488773763,0.236067176,0.044993356,253.4922485,0.792438209,0.070254184,0.081289917,-0.058208298,355.21,-0.093273772,1
"459",11.40324783,0.29515633,2.567984104,111484.7422,135733.8906,0.616864145,0.502061784,0.123253658,0.042697191,2.148033381,0.619565785,0.266972095,0.17413798,-0.283004045,355.21,-0.093273772,0
"460",2.533793926,0.299550802,2.225099564,24553.07813,30594.94336,0.644469678,0.513729393,0.178161159,0.053508524,13.31289959,0.693169117,0.23204115,0.260459721,-0.378656566,413.01,0.162720644,1
"461",11.53212738,0.294887156,2.611011744,112081.7031,137381.9375,0.620881915,0.502061784,0.12551336,0.042150255,2.419425011,0.607177734,0.252167076,0.177523211,-0.284462512,413.01,0.162720644,0
"462",7.557211876,0.320356243,1.613291979,11641.84375,12957.94531,0.248373449,0.544285715,0.051142979,0.077155329,7384.432129,0.944672823,0.143115714,0.16658242,-0.360181451,413.01,0.162720644,0
"463",4.659080029,0.381835047,1.540398955,3613.624512,3965.554932,0.233695924,0.16431579,0.120860055,0.030483054,582.0748291,0.950715482,0.111580513,0.049273465,-0.084143713,413.01,0.162720644,0
"464",10.86424541,0.427089015,1.389273405,9343.444336,9890.320313,0.226487577,0.606218219,0.129288852,0.038564477,1729.055054,0.728863657,0.319614172,0.034745529,-0.150209278,413.01,0.162720644,0
"465",16.52990341,0.555432802,2.648247957,32706.60352,36512.96094,0.21240288,0.550735414,0.110081568,0.033416707,1,0.613896489,0.406014323,0.14179945,-0.299539179,413.01,0.162720644,0
"466",21.47734833,0.436082744,1.211936235,16914.26172,21771.03516,0.194013447,0.450674593,0.056787685,0.039433911,582.0748291,0.695812345,0.180574536,0.08279448,-0.164949521,413.01,0.162720644,0
"467",49.69986343,0.400329554,2.30526948,145761.25,167330.5625,0.3362993,0.660526872,0.119330473,0.053225122,103.4109192,0.796302199,0.15560928,0.041747876,-0.175032258,413.01,0.162720644,0
"468",56.71715546,0.318759768,2.809245825,549902.8125,679294.375,0.533209682,0.568584323,0.09977556,0.052368596,13.33378124,0.610115409,0.207277045,0.169053569,-0.184757352,413.01,0.162720644,0
"469",40.53332901,0.211175585,1.59111166,113769.75,167027.2813,0.566923857,0.678936243,0.103760853,0.060537409,6.6833601,0.546429515,0.106114917,0.063441008,-0.122995406,413.01,0.162720644,0
"470",190.8863068,0.341336938,1.924225092,712713.9375,825983.75,0.527485907,0.488773763,0.214659244,0.042989686,305.7901001,0.787476838,0.079443857,0.09436401,-0.057902671,413.01,0.162720644,0
"471",2.291661024,0.407564646,2.885299683,22933.94141,34438.01953,0.572679341,0.277960986,0.210683778,0.053984124,10.34742069,0.394416571,0.265985399,0.275807232,-0.249018908,413.01,0.162720644,0
"472",11.1756916,0.396396034,1.840833187,19537.26367,24207.41992,0.282808334,0.617155015,0.060430378,0.045154657,582.0748291,0.620097399,0.204388142,0.031126363,-0.220631912,413.01,0.162720644,0
"473",2.233339071,0.312536517,1.758154988,7840.401855,9414.751953,0.37793532,0.661128879,0.044659629,0.041173372,13.33378124,0.752512813,0.308437765,0.240458652,-0.517141223,413.01,0.162720644,1
"474",4.420184135,0.267635902,1.786935091,11401.12012,15202.79492,0.28921625,0.454162091,0.013159195,0.060737286,357.9441528,0.567210555,0.280890554,0.207151547,-0.338304937,413.01,0.162720644,0
"475",1.367254019,0.250867769,2.030130148,9795.598633,11155.86816,0.620977521,0.612078846,0.123999499,0.047306813,13.33378124,0.749710143,0.212275118,0.223601595,-0.26765871,413.01,0.162720644,0
"476",29.66883469,0.373123001,1.217721939,32033.7207,45163.00391,0.341570407,0.41484192,0.182468891,0.063289382,63.58432388,0.61805588,0.159290865,0.22224012,-0.318188876,413.01,0.162720644,0
"477",2.025136948,0.264673465,2.784540892,11415.2627,18615.51563,0.518822432,0.275394589,0.1609184,0.076722905,582.0748291,0.316195756,0.144578263,0.314487576,-0.104375809,413.01,0.162720644,0
"478",35.73957825,0.363972951,1.892940998,217150.9531,306688.625,0.508441567,0.495084584,0.10355337,0.052655827,9.691997528,0.524077773,0.21325402,0.15269044,-0.255922943,413.01,0.162720644,0
"479",19.19338226,0.325947867,1.258522511,28585.1582,35553.61328,0.273020089,0.570814252,0.033478279,0.06704253,582.0748291,0.644667566,0.259626091,0.134521708,-0.215114444,413.01,0.162720644,0
"480",24.0537262,0.405540128,1.890019298,63994.35938,77727.375,0.386447966,0.50265944,0.134704366,0.052096516,582.0748291,0.740999877,0.102758363,0.049067855,-0.1122614,413.01,0.162720644,0
"481",1.26513803,0.44501075,2.603109598,21200.31055,29905.84375,0.811370969,0.426136106,0.178098321,0.04864255,34.48140717,0.558445692,0.173164427,0.116617523,-0.29576382,413.01,0.162720644,0
"482",12.2084074,0.509075383,1.83796072,21853.75,26727.0625,0.234561652,0.74101007,0.083527327,0.044079401,831.5307617,0.79413259,0.108563937,0.053728163,-0.130483285,413.01,0.162720644,0
"483",29.78419304,0.516694059,1.467321157,94663.10156,138279.3594,0.337927222,0.342457354,0.106177352,0.043240815,165.9159546,0.472643375,0.133400723,0.340748847,-0.110696957,413.01,0.162720644,1
"484",55.79778671,0.453458369,1.689918876,102405.8594,137377.5938,0.259968281,0.582706451,0.097062491,0.042320963,2228.857666,0.584893405,0.15878512,0.067511104,-0.110346153,413.01,0.162720644,0
"485",15.85056686,0.332973768,1.579578638,42087.26953,55202.14063,0.470905542,0.412224472,0.18948327,0.048841439,582.0748291,0.687653542,0.142207459,0.138127774,-0.229477018,413.01,0.162720644,0
"486",7.797694206,0.44474685,1.790903211,11765.33691,13920.99219,0.175975993,0.806201458,0.01,0.033776343,582.0748291,0.707257032,0.233793795,0.21483089,-0.331793457,413.01,0.162720644,0
